waiting for crawl 98588
=== starting E2024 ===
15:03:38 INFO    season structure: E E2024
15:03:38 INFO    HTTP Request: GET https://api-live.euroleague.net/v2/competitions/E/seasons/E2024/clubs "HTTP/1.1 200 OK"
15:03:45 INFO    HTTP Request: GET https://api-live.euroleague.net/v2/competitions/E/seasons/E2024/people?limit=1000&offset=0 "HTTP/1.1 200 OK"
15:03:51 INFO    HTTP Request: GET https://api-live.euroleague.net/v2/competitions/E/seasons/E2024/games?limit=500&offset=0 "HTTP/1.1 200 OK"
15:03:51 INFO    E2024: 330 games in schedule
15:03:57 INFO    HTTP Request: GET https://api-live.euroleague.net/v2/competitions/E/seasons/E2024/games/1/stats "HTTP/1.1 200 OK"
15:04:02 INFO    HTTP Request: GET https://live.euroleague.net/api/PlayByPlay?gamecode=1&seasoncode=E2024 "HTTP/1.1 200 OK"
15:04:08 INFO    HTTP Request: GET https://live.euroleague.net/api/Points?gamecode=1&seasoncode=E2024 "HTTP/1.1 200 OK"
15:04:15 INFO    HTTP Request: GET https://api-live.euroleague.net/v2/competitions/E/seasons/E2024/games/2/stats "HTTP/1.1 200 OK"
15:04:21 INFO    HTTP Request: GET https://live.euroleague.net/api/PlayByPlay?gamecode=2&seasoncode=E2024 "HTTP/1.1 200 OK"
15:04:26 INFO    HTTP Request: GET https://live.euroleague.net/api/Points?gamecode=2&seasoncode=E2024 "HTTP/1.1 200 OK"
15:04:33 INFO    HTTP Request: GET https://api-live.euroleague.net/v2/competitions/E/seasons/E2024/games/3/stats "HTTP/1.1 200 OK"
15:04:39 INFO    HTTP Request: GET https://live.euroleague.net/api/PlayByPlay?gamecode=3&seasoncode=E2024 "HTTP/1.1 200 OK"
15:04:44 INFO    HTTP Request: GET https://live.euroleague.net/api/Points?gamecode=3&seasoncode=E2024 "HTTP/1.1 200 OK"
15:04:51 INFO    HTTP Request: GET https://api-live.euroleague.net/v2/competitions/E/seasons/E2024/games/4/stats "HTTP/1.1 200 OK"
15:04:57 INFO    HTTP Request: GET https://live.euroleague.net/api/PlayByPlay?gamecode=4&seasoncode=E2024 "HTTP/1.1 200 OK"
15:05:02 INFO    HTTP Request: GET https://live.euroleague.net/api/Points?gamecode=4&seasoncode=E2024 "HTTP/1.1 200 OK"
15:05:09 INFO    HTTP Request: GET https://api-live.euroleague.net/v2/competitions/E/seasons/E2024/games/5/stats "HTTP/1.1 200 OK"
15:05:15 INFO    HTTP Request: GET https://live.euroleague.net/api/PlayByPlay?gamecode=5&seasoncode=E2024 "HTTP/1.1 200 OK"
15:05:20 INFO    HTTP Request: GET https://live.euroleague.net/api/Points?gamecode=5&seasoncode=E2024 "HTTP/1.1 200 OK"
15:05:27 INFO    HTTP Request: GET https://api-live.euroleague.net/v2/competitions/E/seasons/E2024/games/6/stats "HTTP/1.1 200 OK"
15:05:33 INFO    HTTP Request: GET https://live.euroleague.net/api/PlayByPlay?gamecode=6&seasoncode=E2024 "HTTP/1.1 200 OK"
15:05:38 INFO    HTTP Request: GET https://live.euroleague.net/api/Points?gamecode=6&seasoncode=E2024 "HTTP/1.1 200 OK"
15:05:45 INFO    HTTP Request: GET https://api-live.euroleague.net/v2/competitions/E/seasons/E2024/games/7/stats "HTTP/1.1 200 OK"
15:05:51 INFO    HTTP Request: GET https://live.euroleague.net/api/PlayByPlay?gamecode=7&seasoncode=E2024 "HTTP/1.1 200 OK"
15:05:56 INFO    HTTP Request: GET https://live.euroleague.net/api/Points?gamecode=7&seasoncode=E2024 "HTTP/1.1 200 OK"
15:06:03 INFO    HTTP Request: GET https://api-live.euroleague.net/v2/competitions/E/seasons/E2024/games/8/stats "HTTP/1.1 200 OK"
15:06:09 INFO    HTTP Request: GET https://live.euroleague.net/api/PlayByPlay?gamecode=8&seasoncode=E2024 "HTTP/1.1 200 OK"
15:06:14 INFO    HTTP Request: GET https://live.euroleague.net/api/Points?gamecode=8&seasoncode=E2024 "HTTP/1.1 200 OK"
15:06:21 INFO    HTTP Request: GET https://api-live.euroleague.net/v2/competitions/E/seasons/E2024/games/9/stats "HTTP/1.1 200 OK"
15:06:27 INFO    HTTP Request: GET https://live.euroleague.net/api/PlayByPlay?gamecode=9&seasoncode=E2024 "HTTP/1.1 200 OK"
15:06:32 INFO    HTTP Request: GET https://live.euroleague.net/api/Points?gamecode=9&seasoncode=E2024 "HTTP/1.1 200 OK"
15:06:39 INFO    HTTP Request: GET https://api-live.euroleague.net/v2/competitions/E/seasons/E2024/games/10/stats "HTTP/1.1 200 OK"
15:06:45 INFO    HTTP Request: GET https://live.euroleague.net/api/PlayByPlay?gamecode=10&seasoncode=E2024 "HTTP/1.1 200 OK"
15:06:50 INFO    HTTP Request: GET https://live.euroleague.net/api/Points?gamecode=10&seasoncode=E2024 "HTTP/1.1 200 OK"
15:06:57 INFO    HTTP Request: GET https://api-live.euroleague.net/v2/competitions/E/seasons/E2024/games/11/stats "HTTP/1.1 200 OK"
15:07:03 INFO    HTTP Request: GET https://live.euroleague.net/api/PlayByPlay?gamecode=11&seasoncode=E2024 "HTTP/1.1 200 OK"
15:07:08 INFO    HTTP Request: GET https://live.euroleague.net/api/Points?gamecode=11&seasoncode=E2024 "HTTP/1.1 200 OK"
15:07:15 INFO    HTTP Request: GET https://api-live.euroleague.net/v2/competitions/E/seasons/E2024/games/12/stats "HTTP/1.1 200 OK"
15:07:21 INFO    HTTP Request: GET https://live.euroleague.net/api/PlayByPlay?gamecode=12&seasoncode=E2024 "HTTP/1.1 200 OK"
15:07:26 INFO    HTTP Request: GET https://live.euroleague.net/api/Points?gamecode=12&seasoncode=E2024 "HTTP/1.1 200 OK"
15:07:33 INFO    HTTP Request: GET https://api-live.euroleague.net/v2/competitions/E/seasons/E2024/games/13/stats "HTTP/1.1 200 OK"
15:07:33 INFO    clean run, easing interval to 5.4s
15:07:38 INFO    HTTP Request: GET https://live.euroleague.net/api/PlayByPlay?gamecode=13&seasoncode=E2024 "HTTP/1.1 200 OK"
15:07:43 INFO    HTTP Request: GET https://live.euroleague.net/api/Points?gamecode=13&seasoncode=E2024 "HTTP/1.1 200 OK"
15:07:49 INFO    HTTP Request: GET https://api-live.euroleague.net/v2/competitions/E/seasons/E2024/games/14/stats "HTTP/1.1 200 OK"
15:07:55 INFO    HTTP Request: GET https://live.euroleague.net/api/PlayByPlay?gamecode=14&seasoncode=E2024 "HTTP/1.1 200 OK"
15:07:59 INFO    HTTP Request: GET https://live.euroleague.net/api/Points?gamecode=14&seasoncode=E2024 "HTTP/1.1 200 OK"
15:08:05 INFO    HTTP Request: GET https://api-live.euroleague.net/v2/competitions/E/seasons/E2024/games/15/stats "HTTP/1.1 200 OK"
15:08:11 INFO    HTTP Request: GET https://live.euroleague.net/api/PlayByPlay?gamecode=15&seasoncode=E2024 "HTTP/1.1 200 OK"
15:08:16 INFO    HTTP Request: GET https://live.euroleague.net/api/Points?gamecode=15&seasoncode=E2024 "HTTP/1.1 200 OK"
15:08:22 INFO    HTTP Request: GET https://api-live.euroleague.net/v2/competitions/E/seasons/E2024/games/16/stats "HTTP/1.1 200 OK"
15:08:27 INFO    HTTP Request: GET https://live.euroleague.net/api/PlayByPlay?gamecode=16&seasoncode=E2024 "HTTP/1.1 200 OK"
15:08:32 INFO    HTTP Request: GET https://live.euroleague.net/api/Points?gamecode=16&seasoncode=E2024 "HTTP/1.1 200 OK"
15:08:38 INFO    HTTP Request: GET https://api-live.euroleague.net/v2/competitions/E/seasons/E2024/games/17/stats "HTTP/1.1 200 OK"
15:08:43 INFO    HTTP Request: GET https://live.euroleague.net/api/PlayByPlay?gamecode=17&seasoncode=E2024 "HTTP/1.1 200 OK"
15:08:48 INFO    HTTP Request: GET https://live.euroleague.net/api/Points?gamecode=17&seasoncode=E2024 "HTTP/1.1 200 OK"
15:08:54 INFO    HTTP Request: GET https://api-live.euroleague.net/v2/competitions/E/seasons/E2024/games/18/stats "HTTP/1.1 200 OK"
15:09:00 INFO    HTTP Request: GET https://live.euroleague.net/api/PlayByPlay?gamecode=18&seasoncode=E2024 "HTTP/1.1 200 OK"
15:09:04 INFO    HTTP Request: GET https://live.euroleague.net/api/Points?gamecode=18&seasoncode=E2024 "HTTP/1.1 200 OK"
15:09:10 INFO    HTTP Request: GET https://api-live.euroleague.net/v2/competitions/E/seasons/E2024/games/19/stats "HTTP/1.1 200 OK"
15:09:16 INFO    HTTP Request: GET https://live.euroleague.net/api/PlayByPlay?gamecode=19&seasoncode=E2024 "HTTP/1.1 200 OK"
15:09:21 INFO    HTTP Request: GET https://live.euroleague.net/api/Points?gamecode=19&seasoncode=E2024 "HTTP/1.1 200 OK"
15:09:26 INFO    HTTP Request: GET https://api-live.euroleague.net/v2/competitions/E/seasons/E2024/games/20/stats "HTTP/1.1 200 OK"
15:09:32 INFO    HTTP Request: GET https://live.euroleague.net/api/PlayByPlay?gamecode=20&seasoncode=E2024 "HTTP/1.1 200 OK"
15:09:37 INFO    HTTP Request: GET https://live.euroleague.net/api/Points?gamecode=20&seasoncode=E2024 "HTTP/1.1 200 OK"
15:09:42 INFO    HTTP Request: GET https://api-live.euroleague.net/v2/competitions/E/seasons/E2024/games/21/stats "HTTP/1.1 200 OK"
15:09:48 INFO    HTTP Request: GET https://live.euroleague.net/api/PlayByPlay?gamecode=21&seasoncode=E2024 "HTTP/1.1 200 OK"
15:09:53 INFO    HTTP Request: GET https://live.euroleague.net/api/Points?gamecode=21&seasoncode=E2024 "HTTP/1.1 200 OK"
15:09:59 INFO    HTTP Request: GET https://api-live.euroleague.net/v2/competitions/E/seasons/E2024/games/22/stats "HTTP/1.1 200 OK"
15:10:04 INFO    HTTP Request: GET https://live.euroleague.net/api/PlayByPlay?gamecode=22&seasoncode=E2024 "HTTP/1.1 200 OK"
15:10:09 INFO    HTTP Request: GET https://live.euroleague.net/api/Points?gamecode=22&seasoncode=E2024 "HTTP/1.1 200 OK"
15:10:15 INFO    HTTP Request: GET https://api-live.euroleague.net/v2/competitions/E/seasons/E2024/games/23/stats "HTTP/1.1 200 OK"
15:10:21 INFO    HTTP Request: GET https://live.euroleague.net/api/PlayByPlay?gamecode=23&seasoncode=E2024 "HTTP/1.1 200 OK"
15:10:25 INFO    HTTP Request: GET https://live.euroleague.net/api/Points?gamecode=23&seasoncode=E2024 "HTTP/1.1 200 OK"
15:10:31 INFO    HTTP Request: GET https://api-live.euroleague.net/v2/competitions/E/seasons/E2024/games/24/stats "HTTP/1.1 200 OK"
15:10:37 INFO    HTTP Request: GET https://live.euroleague.net/api/PlayByPlay?gamecode=24&seasoncode=E2024 "HTTP/1.1 200 OK"
15:10:42 INFO    HTTP Request: GET https://live.euroleague.net/api/Points?gamecode=24&seasoncode=E2024 "HTTP/1.1 200 OK"
15:10:47 INFO    HTTP Request: GET https://api-live.euroleague.net/v2/competitions/E/seasons/E2024/games/25/stats "HTTP/1.1 200 OK"
15:10:53 INFO    HTTP Request: GET https://live.euroleague.net/api/PlayByPlay?gamecode=25&seasoncode=E2024 "HTTP/1.1 200 OK"
15:10:58 INFO    HTTP Request: GET https://live.euroleague.net/api/Points?gamecode=25&seasoncode=E2024 "HTTP/1.1 200 OK"
15:10:58 INFO    E2024 25/330 games | 78 requests, 1 cached, 0 rate-limits, 401.5s slept
15:11:04 INFO    HTTP Request: GET https://api-live.euroleague.net/v2/competitions/E/seasons/E2024/games/26/stats "HTTP/1.1 200 OK"
15:11:09 INFO    HTTP Request: GET https://live.euroleague.net/api/PlayByPlay?gamecode=26&seasoncode=E2024 "HTTP/1.1 200 OK"
15:11:09 INFO    clean run, easing interval to 4.9s
15:11:14 INFO    HTTP Request: GET https://live.euroleague.net/api/Points?gamecode=26&seasoncode=E2024 "HTTP/1.1 200 OK"
15:11:19 INFO    HTTP Request: GET https://api-live.euroleague.net/v2/competitions/E/seasons/E2024/games/27/stats "HTTP/1.1 200 OK"
15:11:24 INFO    HTTP Request: GET https://live.euroleague.net/api/PlayByPlay?gamecode=27&seasoncode=E2024 "HTTP/1.1 200 OK"
15:11:29 INFO    HTTP Request: GET https://live.euroleague.net/api/Points?gamecode=27&seasoncode=E2024 "HTTP/1.1 200 OK"
15:11:33 INFO    HTTP Request: GET https://api-live.euroleague.net/v2/competitions/E/seasons/E2024/games/28/stats "HTTP/1.1 200 OK"
15:11:38 INFO    HTTP Request: GET https://live.euroleague.net/api/PlayByPlay?gamecode=28&seasoncode=E2024 "HTTP/1.1 200 OK"
15:11:43 INFO    HTTP Request: GET https://live.euroleague.net/api/Points?gamecode=28&seasoncode=E2024 "HTTP/1.1 200 OK"
15:11:48 INFO    HTTP Request: GET https://api-live.euroleague.net/v2/competitions/E/seasons/E2024/games/29/stats "HTTP/1.1 200 OK"
15:11:53 INFO    HTTP Request: GET https://live.euroleague.net/api/PlayByPlay?gamecode=29&seasoncode=E2024 "HTTP/1.1 200 OK"
15:11:58 INFO    HTTP Request: GET https://live.euroleague.net/api/Points?gamecode=29&seasoncode=E2024 "HTTP/1.1 200 OK"
15:12:02 INFO    HTTP Request: GET https://api-live.euroleague.net/v2/competitions/E/seasons/E2024/games/30/stats "HTTP/1.1 200 OK"
15:12:08 INFO    HTTP Request: GET https://live.euroleague.net/api/PlayByPlay?gamecode=30&seasoncode=E2024 "HTTP/1.1 200 OK"
15:12:12 INFO    HTTP Request: GET https://live.euroleague.net/api/Points?gamecode=30&seasoncode=E2024 "HTTP/1.1 200 OK"
15:12:17 INFO    HTTP Request: GET https://api-live.euroleague.net/v2/competitions/E/seasons/E2024/games/31/stats "HTTP/1.1 200 OK"
15:12:22 INFO    HTTP Request: GET https://live.euroleague.net/api/PlayByPlay?gamecode=31&seasoncode=E2024 "HTTP/1.1 200 OK"
15:12:27 INFO    HTTP Request: GET https://live.euroleague.net/api/Points?gamecode=31&seasoncode=E2024 "HTTP/1.1 200 OK"
15:12:32 INFO    HTTP Request: GET https://api-live.euroleague.net/v2/competitions/E/seasons/E2024/games/32/stats "HTTP/1.1 200 OK"
15:12:37 INFO    HTTP Request: GET https://live.euroleague.net/api/PlayByPlay?gamecode=32&seasoncode=E2024 "HTTP/1.1 200 OK"
15:12:41 INFO    HTTP Request: GET https://live.euroleague.net/api/Points?gamecode=32&seasoncode=E2024 "HTTP/1.1 200 OK"
15:12:46 INFO    HTTP Request: GET https://api-live.euroleague.net/v2/competitions/E/seasons/E2024/games/33/stats "HTTP/1.1 200 OK"
15:12:52 INFO    HTTP Request: GET https://live.euroleague.net/api/PlayByPlay?gamecode=33&seasoncode=E2024 "HTTP/1.1 200 OK"
15:12:56 INFO    HTTP Request: GET https://live.euroleague.net/api/Points?gamecode=33&seasoncode=E2024 "HTTP/1.1 200 OK"
15:13:01 INFO    HTTP Request: GET https://api-live.euroleague.net/v2/competitions/E/seasons/E2024/games/34/stats "HTTP/1.1 200 OK"
15:13:06 INFO    HTTP Request: GET https://live.euroleague.net/api/PlayByPlay?gamecode=34&seasoncode=E2024 "HTTP/1.1 200 OK"
15:13:11 INFO    HTTP Request: GET https://live.euroleague.net/api/Points?gamecode=34&seasoncode=E2024 "HTTP/1.1 200 OK"
15:13:15 INFO    HTTP Request: GET https://api-live.euroleague.net/v2/competitions/E/seasons/E2024/games/35/stats "HTTP/1.1 200 OK"
15:13:21 INFO    HTTP Request: GET https://live.euroleague.net/api/PlayByPlay?gamecode=35&seasoncode=E2024 "HTTP/1.1 200 OK"
15:13:26 INFO    HTTP Request: GET https://live.euroleague.net/api/Points?gamecode=35&seasoncode=E2024 "HTTP/1.1 200 OK"
15:13:30 INFO    HTTP Request: GET https://api-live.euroleague.net/v2/competitions/E/seasons/E2024/games/36/stats "HTTP/1.1 200 OK"
15:13:35 INFO    HTTP Request: GET https://live.euroleague.net/api/PlayByPlay?gamecode=36&seasoncode=E2024 "HTTP/1.1 200 OK"
15:13:40 INFO    HTTP Request: GET https://live.euroleague.net/api/Points?gamecode=36&seasoncode=E2024 "HTTP/1.1 200 OK"
15:13:45 INFO    HTTP Request: GET https://api-live.euroleague.net/v2/competitions/E/seasons/E2024/games/37/stats "HTTP/1.1 200 OK"
15:13:50 INFO    HTTP Request: GET https://live.euroleague.net/api/PlayByPlay?gamecode=37&seasoncode=E2024 "HTTP/1.1 200 OK"
15:13:54 INFO    HTTP Request: GET https://live.euroleague.net/api/Points?gamecode=37&seasoncode=E2024 "HTTP/1.1 200 OK"
15:13:59 INFO    HTTP Request: GET https://api-live.euroleague.net/v2/competitions/E/seasons/E2024/games/38/stats "HTTP/1.1 200 OK"
15:14:04 INFO    HTTP Request: GET https://live.euroleague.net/api/PlayByPlay?gamecode=38&seasoncode=E2024 "HTTP/1.1 200 OK"
15:14:09 INFO    HTTP Request: GET https://live.euroleague.net/api/Points?gamecode=38&seasoncode=E2024 "HTTP/1.1 200 OK"
15:14:14 INFO    HTTP Request: GET https://api-live.euroleague.net/v2/competitions/E/seasons/E2024/games/39/stats "HTTP/1.1 200 OK"
15:14:19 INFO    HTTP Request: GET https://live.euroleague.net/api/PlayByPlay?gamecode=39&seasoncode=E2024 "HTTP/1.1 200 OK"
15:14:24 INFO    HTTP Request: GET https://live.euroleague.net/api/Points?gamecode=39&seasoncode=E2024 "HTTP/1.1 200 OK"
15:14:24 INFO    clean run, easing interval to 4.4s
15:14:28 INFO    HTTP Request: GET https://api-live.euroleague.net/v2/competitions/E/seasons/E2024/games/40/stats "HTTP/1.1 200 OK"
15:14:33 INFO    HTTP Request: GET https://live.euroleague.net/api/PlayByPlay?gamecode=40&seasoncode=E2024 "HTTP/1.1 200 OK"
15:14:37 INFO    HTTP Request: GET https://live.euroleague.net/api/Points?gamecode=40&seasoncode=E2024 "HTTP/1.1 200 OK"
15:14:41 INFO    HTTP Request: GET https://api-live.euroleague.net/v2/competitions/E/seasons/E2024/games/41/stats "HTTP/1.1 200 OK"
15:14:46 INFO    HTTP Request: GET https://live.euroleague.net/api/PlayByPlay?gamecode=41&seasoncode=E2024 "HTTP/1.1 200 OK"
15:14:50 INFO    HTTP Request: GET https://live.euroleague.net/api/Points?gamecode=41&seasoncode=E2024 "HTTP/1.1 200 OK"
15:14:54 INFO    HTTP Request: GET https://api-live.euroleague.net/v2/competitions/E/seasons/E2024/games/42/stats "HTTP/1.1 200 OK"
15:14:59 INFO    HTTP Request: GET https://live.euroleague.net/api/PlayByPlay?gamecode=42&seasoncode=E2024 "HTTP/1.1 200 OK"
15:15:03 INFO    HTTP Request: GET https://live.euroleague.net/api/Points?gamecode=42&seasoncode=E2024 "HTTP/1.1 200 OK"
15:15:07 INFO    HTTP Request: GET https://api-live.euroleague.net/v2/competitions/E/seasons/E2024/games/43/stats "HTTP/1.1 200 OK"
15:15:12 INFO    HTTP Request: GET https://live.euroleague.net/api/PlayByPlay?gamecode=43&seasoncode=E2024 "HTTP/1.1 200 OK"
15:15:16 INFO    HTTP Request: GET https://live.euroleague.net/api/Points?gamecode=43&seasoncode=E2024 "HTTP/1.1 200 OK"
15:15:20 INFO    HTTP Request: GET https://api-live.euroleague.net/v2/competitions/E/seasons/E2024/games/44/stats "HTTP/1.1 200 OK"
15:15:25 INFO    HTTP Request: GET https://live.euroleague.net/api/PlayByPlay?gamecode=44&seasoncode=E2024 "HTTP/1.1 200 OK"
15:15:29 INFO    HTTP Request: GET https://live.euroleague.net/api/Points?gamecode=44&seasoncode=E2024 "HTTP/1.1 200 OK"
15:15:34 INFO    HTTP Request: GET https://api-live.euroleague.net/v2/competitions/E/seasons/E2024/games/45/stats "HTTP/1.1 200 OK"
15:15:38 INFO    HTTP Request: GET https://live.euroleague.net/api/PlayByPlay?gamecode=45&seasoncode=E2024 "HTTP/1.1 200 OK"
15:15:43 INFO    HTTP Request: GET https://live.euroleague.net/api/Points?gamecode=45&seasoncode=E2024 "HTTP/1.1 200 OK"
15:15:47 INFO    HTTP Request: GET https://api-live.euroleague.net/v2/competitions/E/seasons/E2024/games/46/stats "HTTP/1.1 200 OK"
15:15:51 INFO    HTTP Request: GET https://live.euroleague.net/api/PlayByPlay?gamecode=46&seasoncode=E2024 "HTTP/1.1 200 OK"
15:15:55 INFO    HTTP Request: GET https://live.euroleague.net/api/Points?gamecode=46&seasoncode=E2024 "HTTP/1.1 200 OK"
15:16:00 INFO    HTTP Request: GET https://api-live.euroleague.net/v2/competitions/E/seasons/E2024/games/47/stats "HTTP/1.1 200 OK"
15:16:05 INFO    HTTP Request: GET https://live.euroleague.net/api/PlayByPlay?gamecode=47&seasoncode=E2024 "HTTP/1.1 200 OK"
15:16:09 INFO    HTTP Request: GET https://live.euroleague.net/api/Points?gamecode=47&seasoncode=E2024 "HTTP/1.1 200 OK"
15:16:13 INFO    HTTP Request: GET https://api-live.euroleague.net/v2/competitions/E/seasons/E2024/games/48/stats "HTTP/1.1 200 OK"
15:16:18 INFO    HTTP Request: GET https://live.euroleague.net/api/PlayByPlay?gamecode=48&seasoncode=E2024 "HTTP/1.1 200 OK"
15:16:22 INFO    HTTP Request: GET https://live.euroleague.net/api/Points?gamecode=48&seasoncode=E2024 "HTTP/1.1 200 OK"
15:16:26 INFO    HTTP Request: GET https://api-live.euroleague.net/v2/competitions/E/seasons/E2024/games/49/stats "HTTP/1.1 200 OK"
15:16:31 INFO    HTTP Request: GET https://live.euroleague.net/api/PlayByPlay?gamecode=49&seasoncode=E2024 "HTTP/1.1 200 OK"
15:16:35 INFO    HTTP Request: GET https://live.euroleague.net/api/Points?gamecode=49&seasoncode=E2024 "HTTP/1.1 200 OK"
15:16:39 INFO    HTTP Request: GET https://api-live.euroleague.net/v2/competitions/E/seasons/E2024/games/50/stats "HTTP/1.1 200 OK"
15:16:44 INFO    HTTP Request: GET https://live.euroleague.net/api/PlayByPlay?gamecode=50&seasoncode=E2024 "HTTP/1.1 200 OK"
15:16:48 INFO    HTTP Request: GET https://live.euroleague.net/api/Points?gamecode=50&seasoncode=E2024 "HTTP/1.1 200 OK"
15:16:48 INFO    E2024 50/330 games | 153 requests, 1 cached, 0 rate-limits, 706.5s slept
15:16:52 INFO    HTTP Request: GET https://api-live.euroleague.net/v2/competitions/E/seasons/E2024/games/51/stats "HTTP/1.1 200 OK"
15:16:57 INFO    HTTP Request: GET https://live.euroleague.net/api/PlayByPlay?gamecode=51&seasoncode=E2024 "HTTP/1.1 200 OK"
15:17:01 INFO    HTTP Request: GET https://live.euroleague.net/api/Points?gamecode=51&seasoncode=E2024 "HTTP/1.1 200 OK"
15:17:06 INFO    HTTP Request: GET https://api-live.euroleague.net/v2/competitions/E/seasons/E2024/games/52/stats "HTTP/1.1 200 OK"
15:17:10 INFO    HTTP Request: GET https://live.euroleague.net/api/PlayByPlay?gamecode=52&seasoncode=E2024 "HTTP/1.1 200 OK"
15:17:14 INFO    HTTP Request: GET https://live.euroleague.net/api/Points?gamecode=52&seasoncode=E2024 "HTTP/1.1 200 OK"
15:17:19 INFO    HTTP Request: GET https://api-live.euroleague.net/v2/competitions/E/seasons/E2024/games/53/stats "HTTP/1.1 200 OK"
15:17:19 INFO    clean run, easing interval to 4.0s
15:17:23 INFO    HTTP Request: GET https://live.euroleague.net/api/PlayByPlay?gamecode=53&seasoncode=E2024 "HTTP/1.1 200 OK"
15:17:27 INFO    HTTP Request: GET https://live.euroleague.net/api/Points?gamecode=53&seasoncode=E2024 "HTTP/1.1 200 OK"
15:17:31 INFO    HTTP Request: GET https://api-live.euroleague.net/v2/competitions/E/seasons/E2024/games/54/stats "HTTP/1.1 200 OK"
15:17:35 INFO    HTTP Request: GET https://live.euroleague.net/api/PlayByPlay?gamecode=54&seasoncode=E2024 "HTTP/1.1 200 OK"
15:17:39 INFO    HTTP Request: GET https://live.euroleague.net/api/Points?gamecode=54&seasoncode=E2024 "HTTP/1.1 200 OK"
15:17:43 INFO    HTTP Request: GET https://api-live.euroleague.net/v2/competitions/E/seasons/E2024/games/55/stats "HTTP/1.1 200 OK"
15:17:47 INFO    HTTP Request: GET https://live.euroleague.net/api/PlayByPlay?gamecode=55&seasoncode=E2024 "HTTP/1.1 200 OK"
15:17:51 INFO    HTTP Request: GET https://live.euroleague.net/api/Points?gamecode=55&seasoncode=E2024 "HTTP/1.1 200 OK"
15:17:55 INFO    HTTP Request: GET https://api-live.euroleague.net/v2/competitions/E/seasons/E2024/games/56/stats "HTTP/1.1 200 OK"
15:17:59 INFO    HTTP Request: GET https://live.euroleague.net/api/PlayByPlay?gamecode=56&seasoncode=E2024 "HTTP/1.1 200 OK"
15:18:03 INFO    HTTP Request: GET https://live.euroleague.net/api/Points?gamecode=56&seasoncode=E2024 "HTTP/1.1 200 OK"
15:18:07 INFO    HTTP Request: GET https://api-live.euroleague.net/v2/competitions/E/seasons/E2024/games/57/stats "HTTP/1.1 200 OK"
15:18:11 INFO    HTTP Request: GET https://live.euroleague.net/api/PlayByPlay?gamecode=57&seasoncode=E2024 "HTTP/1.1 200 OK"
15:18:15 INFO    HTTP Request: GET https://live.euroleague.net/api/Points?gamecode=57&seasoncode=E2024 "HTTP/1.1 200 OK"
15:18:19 INFO    HTTP Request: GET https://api-live.euroleague.net/v2/competitions/E/seasons/E2024/games/58/stats "HTTP/1.1 200 OK"
15:18:23 INFO    HTTP Request: GET https://live.euroleague.net/api/PlayByPlay?gamecode=58&seasoncode=E2024 "HTTP/1.1 200 OK"
15:18:27 INFO    HTTP Request: GET https://live.euroleague.net/api/Points?gamecode=58&seasoncode=E2024 "HTTP/1.1 200 OK"
15:18:31 INFO    HTTP Request: GET https://api-live.euroleague.net/v2/competitions/E/seasons/E2024/games/59/stats "HTTP/1.1 200 OK"
15:18:35 INFO    HTTP Request: GET https://live.euroleague.net/api/PlayByPlay?gamecode=59&seasoncode=E2024 "HTTP/1.1 200 OK"
15:18:39 INFO    HTTP Request: GET https://live.euroleague.net/api/Points?gamecode=59&seasoncode=E2024 "HTTP/1.1 200 OK"
15:18:43 INFO    HTTP Request: GET https://api-live.euroleague.net/v2/competitions/E/seasons/E2024/games/60/stats "HTTP/1.1 200 OK"
15:18:47 INFO    HTTP Request: GET https://live.euroleague.net/api/PlayByPlay?gamecode=60&seasoncode=E2024 "HTTP/1.1 200 OK"
15:18:51 INFO    HTTP Request: GET https://live.euroleague.net/api/Points?gamecode=60&seasoncode=E2024 "HTTP/1.1 200 OK"
15:18:55 INFO    HTTP Request: GET https://api-live.euroleague.net/v2/competitions/E/seasons/E2024/games/61/stats "HTTP/1.1 200 OK"
15:18:59 INFO    HTTP Request: GET https://live.euroleague.net/api/PlayByPlay?gamecode=61&seasoncode=E2024 "HTTP/1.1 200 OK"
15:19:03 INFO    HTTP Request: GET https://live.euroleague.net/api/Points?gamecode=61&seasoncode=E2024 "HTTP/1.1 200 OK"
15:19:07 INFO    HTTP Request: GET https://api-live.euroleague.net/v2/competitions/E/seasons/E2024/games/62/stats "HTTP/1.1 200 OK"
15:19:11 INFO    HTTP Request: GET https://live.euroleague.net/api/PlayByPlay?gamecode=62&seasoncode=E2024 "HTTP/1.1 200 OK"
15:19:15 INFO    HTTP Request: GET https://live.euroleague.net/api/Points?gamecode=62&seasoncode=E2024 "HTTP/1.1 200 OK"
15:19:19 INFO    HTTP Request: GET https://api-live.euroleague.net/v2/competitions/E/seasons/E2024/games/63/stats "HTTP/1.1 200 OK"
15:19:23 INFO    HTTP Request: GET https://live.euroleague.net/api/PlayByPlay?gamecode=63&seasoncode=E2024 "HTTP/1.1 200 OK"
15:19:27 INFO    HTTP Request: GET https://live.euroleague.net/api/Points?gamecode=63&seasoncode=E2024 "HTTP/1.1 200 OK"
15:19:31 INFO    HTTP Request: GET https://api-live.euroleague.net/v2/competitions/E/seasons/E2024/games/64/stats "HTTP/1.1 200 OK"
15:19:35 INFO    HTTP Request: GET https://live.euroleague.net/api/PlayByPlay?gamecode=64&seasoncode=E2024 "HTTP/1.1 200 OK"
15:19:39 INFO    HTTP Request: GET https://live.euroleague.net/api/Points?gamecode=64&seasoncode=E2024 "HTTP/1.1 200 OK"
15:19:43 INFO    HTTP Request: GET https://api-live.euroleague.net/v2/competitions/E/seasons/E2024/games/65/stats "HTTP/1.1 200 OK"
15:19:47 INFO    HTTP Request: GET https://live.euroleague.net/api/PlayByPlay?gamecode=65&seasoncode=E2024 "HTTP/1.1 200 OK"
15:19:51 INFO    HTTP Request: GET https://live.euroleague.net/api/Points?gamecode=65&seasoncode=E2024 "HTTP/1.1 200 OK"
15:19:55 INFO    HTTP Request: GET https://api-live.euroleague.net/v2/competitions/E/seasons/E2024/games/66/stats "HTTP/1.1 200 OK"
15:19:59 INFO    HTTP Request: GET https://live.euroleague.net/api/PlayByPlay?gamecode=66&seasoncode=E2024 "HTTP/1.1 200 OK"
15:20:03 INFO    HTTP Request: GET https://live.euroleague.net/api/Points?gamecode=66&seasoncode=E2024 "HTTP/1.1 200 OK"
15:20:07 INFO    HTTP Request: GET https://api-live.euroleague.net/v2/competitions/E/seasons/E2024/games/67/stats "HTTP/1.1 200 OK"
15:20:11 INFO    HTTP Request: GET https://live.euroleague.net/api/PlayByPlay?gamecode=67&seasoncode=E2024 "HTTP/1.1 200 OK"
15:20:15 INFO    HTTP Request: GET https://live.euroleague.net/api/Points?gamecode=67&seasoncode=E2024 "HTTP/1.1 200 OK"
15:20:19 INFO    HTTP Request: GET https://api-live.euroleague.net/v2/competitions/E/seasons/E2024/games/68/stats "HTTP/1.1 200 OK"
15:20:23 INFO    HTTP Request: GET https://live.euroleague.net/api/PlayByPlay?gamecode=68&seasoncode=E2024 "HTTP/1.1 200 OK"
15:20:27 INFO    HTTP Request: GET https://live.euroleague.net/api/Points?gamecode=68&seasoncode=E2024 "HTTP/1.1 200 OK"
15:20:31 INFO    HTTP Request: GET https://api-live.euroleague.net/v2/competitions/E/seasons/E2024/games/69/stats "HTTP/1.1 200 OK"
15:20:35 INFO    HTTP Request: GET https://live.euroleague.net/api/PlayByPlay?gamecode=69&seasoncode=E2024 "HTTP/1.1 200 OK"
15:20:39 INFO    HTTP Request: GET https://live.euroleague.net/api/Points?gamecode=69&seasoncode=E2024 "HTTP/1.1 200 OK"
15:20:43 INFO    HTTP Request: GET https://api-live.euroleague.net/v2/competitions/E/seasons/E2024/games/70/stats "HTTP/1.1 200 OK"
15:20:47 INFO    HTTP Request: GET https://live.euroleague.net/api/PlayByPlay?gamecode=70&seasoncode=E2024 "HTTP/1.1 200 OK"
15:20:51 INFO    HTTP Request: GET https://live.euroleague.net/api/Points?gamecode=70&seasoncode=E2024 "HTTP/1.1 200 OK"
15:20:55 INFO    HTTP Request: GET https://api-live.euroleague.net/v2/competitions/E/seasons/E2024/games/71/stats "HTTP/1.1 200 OK"
15:20:59 INFO    HTTP Request: GET https://live.euroleague.net/api/PlayByPlay?gamecode=71&seasoncode=E2024 "HTTP/1.1 200 OK"
15:21:03 INFO    HTTP Request: GET https://live.euroleague.net/api/Points?gamecode=71&seasoncode=E2024 "HTTP/1.1 200 OK"
15:21:07 INFO    HTTP Request: GET https://api-live.euroleague.net/v2/competitions/E/seasons/E2024/games/72/stats "HTTP/1.1 200 OK"
15:21:11 INFO    HTTP Request: GET https://live.euroleague.net/api/PlayByPlay?gamecode=72&seasoncode=E2024 "HTTP/1.1 200 OK"
15:21:15 INFO    HTTP Request: GET https://live.euroleague.net/api/Points?gamecode=72&seasoncode=E2024 "HTTP/1.1 200 OK"
15:21:19 INFO    HTTP Request: GET https://api-live.euroleague.net/v2/competitions/E/seasons/E2024/games/73/stats "HTTP/1.1 200 OK"
15:21:23 INFO    HTTP Request: GET https://live.euroleague.net/api/PlayByPlay?gamecode=73&seasoncode=E2024 "HTTP/1.1 200 OK"
15:21:27 INFO    HTTP Request: GET https://live.euroleague.net/api/Points?gamecode=73&seasoncode=E2024 "HTTP/1.1 200 OK"
15:21:31 INFO    HTTP Request: GET https://api-live.euroleague.net/v2/competitions/E/seasons/E2024/games/74/stats "HTTP/1.1 200 OK"
15:21:35 INFO    HTTP Request: GET https://live.euroleague.net/api/PlayByPlay?gamecode=74&seasoncode=E2024 "HTTP/1.1 200 OK"
15:21:39 INFO    HTTP Request: GET https://live.euroleague.net/api/Points?gamecode=74&seasoncode=E2024 "HTTP/1.1 200 OK"
15:21:43 INFO    HTTP Request: GET https://api-live.euroleague.net/v2/competitions/E/seasons/E2024/games/75/stats "HTTP/1.1 200 OK"
15:21:48 INFO    HTTP Request: GET https://live.euroleague.net/api/PlayByPlay?gamecode=75&seasoncode=E2024 "HTTP/1.1 200 OK"
15:21:51 INFO    HTTP Request: GET https://live.euroleague.net/api/Points?gamecode=75&seasoncode=E2024 "HTTP/1.1 200 OK"
15:21:51 INFO    E2024 75/330 games | 228 requests, 1 cached, 0 rate-limits, 963.2s slept
15:21:55 INFO    HTTP Request: GET https://api-live.euroleague.net/v2/competitions/E/seasons/E2024/games/76/stats "HTTP/1.1 200 OK"
15:22:00 INFO    HTTP Request: GET https://live.euroleague.net/api/PlayByPlay?gamecode=76&seasoncode=E2024 "HTTP/1.1 200 OK"
15:22:03 INFO    HTTP Request: GET https://live.euroleague.net/api/Points?gamecode=76&seasoncode=E2024 "HTTP/1.1 200 OK"
15:22:07 INFO    HTTP Request: GET https://api-live.euroleague.net/v2/competitions/E/seasons/E2024/games/77/stats "HTTP/1.1 200 OK"
15:22:11 INFO    HTTP Request: GET https://live.euroleague.net/api/PlayByPlay?gamecode=77&seasoncode=E2024 "HTTP/1.1 200 OK"
15:22:15 INFO    HTTP Request: GET https://live.euroleague.net/api/Points?gamecode=77&seasoncode=E2024 "HTTP/1.1 200 OK"
15:22:19 INFO    HTTP Request: GET https://api-live.euroleague.net/v2/competitions/E/seasons/E2024/games/78/stats "HTTP/1.1 200 OK"
15:22:23 INFO    HTTP Request: GET https://live.euroleague.net/api/PlayByPlay?gamecode=78&seasoncode=E2024 "HTTP/1.1 200 OK"
15:22:27 INFO    HTTP Request: GET https://live.euroleague.net/api/Points?gamecode=78&seasoncode=E2024 "HTTP/1.1 200 OK"
15:22:31 INFO    HTTP Request: GET https://api-live.euroleague.net/v2/competitions/E/seasons/E2024/games/79/stats "HTTP/1.1 200 OK"
15:22:35 INFO    HTTP Request: GET https://live.euroleague.net/api/PlayByPlay?gamecode=79&seasoncode=E2024 "HTTP/1.1 200 OK"
15:22:39 INFO    HTTP Request: GET https://live.euroleague.net/api/Points?gamecode=79&seasoncode=E2024 "HTTP/1.1 200 OK"
15:22:43 INFO    HTTP Request: GET https://api-live.euroleague.net/v2/competitions/E/seasons/E2024/games/80/stats "HTTP/1.1 200 OK"
15:22:47 INFO    HTTP Request: GET https://live.euroleague.net/api/PlayByPlay?gamecode=80&seasoncode=E2024 "HTTP/1.1 200 OK"
15:22:51 INFO    HTTP Request: GET https://live.euroleague.net/api/Points?gamecode=80&seasoncode=E2024 "HTTP/1.1 200 OK"
15:22:55 INFO    HTTP Request: GET https://api-live.euroleague.net/v2/competitions/E/seasons/E2024/games/81/stats "HTTP/1.1 200 OK"
15:23:00 INFO    HTTP Request: GET https://live.euroleague.net/api/PlayByPlay?gamecode=81&seasoncode=E2024 "HTTP/1.1 200 OK"
15:23:03 INFO    HTTP Request: GET https://live.euroleague.net/api/Points?gamecode=81&seasoncode=E2024 "HTTP/1.1 200 OK"
15:23:07 INFO    HTTP Request: GET https://api-live.euroleague.net/v2/competitions/E/seasons/E2024/games/82/stats "HTTP/1.1 200 OK"
15:23:11 INFO    HTTP Request: GET https://live.euroleague.net/api/PlayByPlay?gamecode=82&seasoncode=E2024 "HTTP/1.1 200 OK"
15:23:15 INFO    HTTP Request: GET https://live.euroleague.net/api/Points?gamecode=82&seasoncode=E2024 "HTTP/1.1 200 OK"
15:23:19 INFO    HTTP Request: GET https://api-live.euroleague.net/v2/competitions/E/seasons/E2024/games/83/stats "HTTP/1.1 200 OK"
15:23:24 INFO    HTTP Request: GET https://live.euroleague.net/api/PlayByPlay?gamecode=83&seasoncode=E2024 "HTTP/1.1 200 OK"
15:23:27 INFO    HTTP Request: GET https://live.euroleague.net/api/Points?gamecode=83&seasoncode=E2024 "HTTP/1.1 200 OK"
15:23:31 INFO    HTTP Request: GET https://api-live.euroleague.net/v2/competitions/E/seasons/E2024/games/84/stats "HTTP/1.1 200 OK"
15:23:35 INFO    HTTP Request: GET https://live.euroleague.net/api/PlayByPlay?gamecode=84&seasoncode=E2024 "HTTP/1.1 200 OK"
15:23:39 INFO    HTTP Request: GET https://live.euroleague.net/api/Points?gamecode=84&seasoncode=E2024 "HTTP/1.1 200 OK"
15:23:43 INFO    HTTP Request: GET https://api-live.euroleague.net/v2/competitions/E/seasons/E2024/games/85/stats "HTTP/1.1 200 OK"
15:23:48 INFO    HTTP Request: GET https://live.euroleague.net/api/PlayByPlay?gamecode=85&seasoncode=E2024 "HTTP/1.1 200 OK"
15:23:51 INFO    HTTP Request: GET https://live.euroleague.net/api/Points?gamecode=85&seasoncode=E2024 "HTTP/1.1 200 OK"
15:23:55 INFO    HTTP Request: GET https://api-live.euroleague.net/v2/competitions/E/seasons/E2024/games/86/stats "HTTP/1.1 200 OK"
15:24:00 INFO    HTTP Request: GET https://live.euroleague.net/api/PlayByPlay?gamecode=86&seasoncode=E2024 "HTTP/1.1 200 OK"
15:24:03 INFO    HTTP Request: GET https://live.euroleague.net/api/Points?gamecode=86&seasoncode=E2024 "HTTP/1.1 200 OK"
15:24:07 INFO    HTTP Request: GET https://api-live.euroleague.net/v2/competitions/E/seasons/E2024/games/87/stats "HTTP/1.1 200 OK"
15:24:12 INFO    HTTP Request: GET https://live.euroleague.net/api/PlayByPlay?gamecode=87&seasoncode=E2024 "HTTP/1.1 200 OK"
15:24:15 INFO    HTTP Request: GET https://live.euroleague.net/api/Points?gamecode=87&seasoncode=E2024 "HTTP/1.1 200 OK"
15:24:19 INFO    HTTP Request: GET https://api-live.euroleague.net/v2/competitions/E/seasons/E2024/games/88/stats "HTTP/1.1 200 OK"
15:24:24 INFO    HTTP Request: GET https://live.euroleague.net/api/PlayByPlay?gamecode=88&seasoncode=E2024 "HTTP/1.1 200 OK"
15:24:27 INFO    HTTP Request: GET https://live.euroleague.net/api/Points?gamecode=88&seasoncode=E2024 "HTTP/1.1 200 OK"
15:24:31 INFO    HTTP Request: GET https://api-live.euroleague.net/v2/competitions/E/seasons/E2024/games/89/stats "HTTP/1.1 200 OK"
15:24:35 INFO    HTTP Request: GET https://live.euroleague.net/api/PlayByPlay?gamecode=89&seasoncode=E2024 "HTTP/1.1 200 OK"
15:24:39 INFO    HTTP Request: GET https://live.euroleague.net/api/Points?gamecode=89&seasoncode=E2024 "HTTP/1.1 200 OK"
15:24:43 INFO    HTTP Request: GET https://api-live.euroleague.net/v2/competitions/E/seasons/E2024/games/90/stats "HTTP/1.1 200 OK"
15:24:48 INFO    HTTP Request: GET https://live.euroleague.net/api/PlayByPlay?gamecode=90&seasoncode=E2024 "HTTP/1.1 200 OK"
15:24:51 INFO    HTTP Request: GET https://live.euroleague.net/api/Points?gamecode=90&seasoncode=E2024 "HTTP/1.1 200 OK"
15:24:55 INFO    HTTP Request: GET https://api-live.euroleague.net/v2/competitions/E/seasons/E2024/games/91/stats "HTTP/1.1 200 OK"
15:25:00 INFO    HTTP Request: GET https://live.euroleague.net/api/PlayByPlay?gamecode=91&seasoncode=E2024 "HTTP/1.1 200 OK"
15:25:03 INFO    HTTP Request: GET https://live.euroleague.net/api/Points?gamecode=91&seasoncode=E2024 "HTTP/1.1 200 OK"
15:25:07 INFO    HTTP Request: GET https://api-live.euroleague.net/v2/competitions/E/seasons/E2024/games/92/stats "HTTP/1.1 200 OK"
15:25:12 INFO    HTTP Request: GET https://live.euroleague.net/api/PlayByPlay?gamecode=92&seasoncode=E2024 "HTTP/1.1 200 OK"
15:25:15 INFO    HTTP Request: GET https://live.euroleague.net/api/Points?gamecode=92&seasoncode=E2024 "HTTP/1.1 200 OK"
15:25:19 INFO    HTTP Request: GET https://api-live.euroleague.net/v2/competitions/E/seasons/E2024/games/93/stats "HTTP/1.1 200 OK"
15:25:24 INFO    HTTP Request: GET https://live.euroleague.net/api/PlayByPlay?gamecode=93&seasoncode=E2024 "HTTP/1.1 200 OK"
15:25:27 INFO    HTTP Request: GET https://live.euroleague.net/api/Points?gamecode=93&seasoncode=E2024 "HTTP/1.1 200 OK"
15:25:31 INFO    HTTP Request: GET https://api-live.euroleague.net/v2/competitions/E/seasons/E2024/games/94/stats "HTTP/1.1 200 OK"
15:25:36 INFO    HTTP Request: GET https://live.euroleague.net/api/PlayByPlay?gamecode=94&seasoncode=E2024 "HTTP/1.1 200 OK"
15:25:39 INFO    HTTP Request: GET https://live.euroleague.net/api/Points?gamecode=94&seasoncode=E2024 "HTTP/1.1 200 OK"
15:25:43 INFO    HTTP Request: GET https://api-live.euroleague.net/v2/competitions/E/seasons/E2024/games/95/stats "HTTP/1.1 200 OK"
15:25:48 INFO    HTTP Request: GET https://live.euroleague.net/api/PlayByPlay?gamecode=95&seasoncode=E2024 "HTTP/1.1 200 OK"
15:25:51 INFO    HTTP Request: GET https://live.euroleague.net/api/Points?gamecode=95&seasoncode=E2024 "HTTP/1.1 200 OK"
15:25:55 INFO    HTTP Request: GET https://api-live.euroleague.net/v2/competitions/E/seasons/E2024/games/96/stats "HTTP/1.1 200 OK"
15:26:00 INFO    HTTP Request: GET https://live.euroleague.net/api/PlayByPlay?gamecode=96&seasoncode=E2024 "HTTP/1.1 200 OK"
15:26:04 INFO    HTTP Request: GET https://live.euroleague.net/api/Points?gamecode=96&seasoncode=E2024 "HTTP/1.1 200 OK"
15:26:08 INFO    HTTP Request: GET https://api-live.euroleague.net/v2/competitions/E/seasons/E2024/games/97/stats "HTTP/1.1 200 OK"
15:26:12 INFO    HTTP Request: GET https://live.euroleague.net/api/PlayByPlay?gamecode=97&seasoncode=E2024 "HTTP/1.1 200 OK"
15:26:16 INFO    HTTP Request: GET https://live.euroleague.net/api/Points?gamecode=97&seasoncode=E2024 "HTTP/1.1 200 OK"
15:26:20 INFO    HTTP Request: GET https://api-live.euroleague.net/v2/competitions/E/seasons/E2024/games/98/stats "HTTP/1.1 200 OK"
15:26:24 INFO    HTTP Request: GET https://live.euroleague.net/api/PlayByPlay?gamecode=98&seasoncode=E2024 "HTTP/1.1 200 OK"
15:26:28 INFO    HTTP Request: GET https://live.euroleague.net/api/Points?gamecode=98&seasoncode=E2024 "HTTP/1.1 200 OK"
15:26:31 INFO    HTTP Request: GET https://api-live.euroleague.net/v2/competitions/E/seasons/E2024/games/99/stats "HTTP/1.1 200 OK"
15:26:36 INFO    HTTP Request: GET https://live.euroleague.net/api/PlayByPlay?gamecode=99&seasoncode=E2024 "HTTP/1.1 200 OK"
15:26:40 INFO    HTTP Request: GET https://live.euroleague.net/api/Points?gamecode=99&seasoncode=E2024 "HTTP/1.1 200 OK"
15:26:44 INFO    HTTP Request: GET https://api-live.euroleague.net/v2/competitions/E/seasons/E2024/games/100/stats "HTTP/1.1 200 OK"
15:26:48 INFO    HTTP Request: GET https://live.euroleague.net/api/PlayByPlay?gamecode=100&seasoncode=E2024 "HTTP/1.1 200 OK"
15:26:52 INFO    HTTP Request: GET https://live.euroleague.net/api/Points?gamecode=100&seasoncode=E2024 "HTTP/1.1 200 OK"
15:26:52 INFO    E2024 100/330 games | 303 requests, 1 cached, 0 rate-limits, 1215.9s slept
15:26:56 INFO    HTTP Request: GET https://api-live.euroleague.net/v2/competitions/E/seasons/E2024/games/101/stats "HTTP/1.1 200 OK"
15:27:00 INFO    HTTP Request: GET https://live.euroleague.net/api/PlayByPlay?gamecode=101&seasoncode=E2024 "HTTP/1.1 200 OK"
15:27:03 INFO    HTTP Request: GET https://live.euroleague.net/api/Points?gamecode=101&seasoncode=E2024 "HTTP/1.1 200 OK"
15:27:08 INFO    HTTP Request: GET https://api-live.euroleague.net/v2/competitions/E/seasons/E2024/games/102/stats "HTTP/1.1 200 OK"
15:27:12 INFO    HTTP Request: GET https://live.euroleague.net/api/PlayByPlay?gamecode=102&seasoncode=E2024 "HTTP/1.1 200 OK"
15:27:16 INFO    HTTP Request: GET https://live.euroleague.net/api/Points?gamecode=102&seasoncode=E2024 "HTTP/1.1 200 OK"
15:27:20 INFO    HTTP Request: GET https://api-live.euroleague.net/v2/competitions/E/seasons/E2024/games/103/stats "HTTP/1.1 200 OK"
15:27:24 INFO    HTTP Request: GET https://live.euroleague.net/api/PlayByPlay?gamecode=103&seasoncode=E2024 "HTTP/1.1 200 OK"
15:27:28 INFO    HTTP Request: GET https://live.euroleague.net/api/Points?gamecode=103&seasoncode=E2024 "HTTP/1.1 200 OK"
15:27:32 INFO    HTTP Request: GET https://api-live.euroleague.net/v2/competitions/E/seasons/E2024/games/104/stats "HTTP/1.1 200 OK"
15:27:36 INFO    HTTP Request: GET https://live.euroleague.net/api/PlayByPlay?gamecode=104&seasoncode=E2024 "HTTP/1.1 200 OK"
15:27:40 INFO    HTTP Request: GET https://live.euroleague.net/api/Points?gamecode=104&seasoncode=E2024 "HTTP/1.1 200 OK"
15:27:44 INFO    HTTP Request: GET https://api-live.euroleague.net/v2/competitions/E/seasons/E2024/games/105/stats "HTTP/1.1 200 OK"
15:27:48 INFO    HTTP Request: GET https://live.euroleague.net/api/PlayByPlay?gamecode=105&seasoncode=E2024 "HTTP/1.1 200 OK"
15:27:52 INFO    HTTP Request: GET https://live.euroleague.net/api/Points?gamecode=105&seasoncode=E2024 "HTTP/1.1 200 OK"
15:27:56 INFO    HTTP Request: GET https://api-live.euroleague.net/v2/competitions/E/seasons/E2024/games/106/stats "HTTP/1.1 200 OK"
15:28:00 INFO    HTTP Request: GET https://live.euroleague.net/api/PlayByPlay?gamecode=106&seasoncode=E2024 "HTTP/1.1 200 OK"
15:28:04 INFO    HTTP Request: GET https://live.euroleague.net/api/Points?gamecode=106&seasoncode=E2024 "HTTP/1.1 200 OK"
15:28:08 INFO    HTTP Request: GET https://api-live.euroleague.net/v2/competitions/E/seasons/E2024/games/107/stats "HTTP/1.1 200 OK"
15:28:12 INFO    HTTP Request: GET https://live.euroleague.net/api/PlayByPlay?gamecode=107&seasoncode=E2024 "HTTP/1.1 200 OK"
15:28:16 INFO    HTTP Request: GET https://live.euroleague.net/api/Points?gamecode=107&seasoncode=E2024 "HTTP/1.1 200 OK"
15:28:20 INFO    HTTP Request: GET https://api-live.euroleague.net/v2/competitions/E/seasons/E2024/games/108/stats "HTTP/1.1 200 OK"
15:28:24 INFO    HTTP Request: GET https://live.euroleague.net/api/PlayByPlay?gamecode=108&seasoncode=E2024 "HTTP/1.1 200 OK"
15:28:28 INFO    HTTP Request: GET https://live.euroleague.net/api/Points?gamecode=108&seasoncode=E2024 "HTTP/1.1 200 OK"
15:28:32 INFO    HTTP Request: GET https://api-live.euroleague.net/v2/competitions/E/seasons/E2024/games/109/stats "HTTP/1.1 200 OK"
15:28:36 INFO    HTTP Request: GET https://live.euroleague.net/api/PlayByPlay?gamecode=109&seasoncode=E2024 "HTTP/1.1 200 OK"
15:28:40 INFO    HTTP Request: GET https://live.euroleague.net/api/Points?gamecode=109&seasoncode=E2024 "HTTP/1.1 200 OK"
15:28:44 INFO    HTTP Request: GET https://api-live.euroleague.net/v2/competitions/E/seasons/E2024/games/110/stats "HTTP/1.1 200 OK"
15:28:48 INFO    HTTP Request: GET https://live.euroleague.net/api/PlayByPlay?gamecode=110&seasoncode=E2024 "HTTP/1.1 200 OK"
15:28:51 INFO    HTTP Request: GET https://live.euroleague.net/api/Points?gamecode=110&seasoncode=E2024 "HTTP/1.1 200 OK"
15:28:56 INFO    HTTP Request: GET https://api-live.euroleague.net/v2/competitions/E/seasons/E2024/games/111/stats "HTTP/1.1 200 OK"
15:29:00 INFO    HTTP Request: GET https://live.euroleague.net/api/PlayByPlay?gamecode=111&seasoncode=E2024 "HTTP/1.1 200 OK"
15:29:04 INFO    HTTP Request: GET https://live.euroleague.net/api/Points?gamecode=111&seasoncode=E2024 "HTTP/1.1 200 OK"
15:29:08 INFO    HTTP Request: GET https://api-live.euroleague.net/v2/competitions/E/seasons/E2024/games/112/stats "HTTP/1.1 200 OK"
15:29:12 INFO    HTTP Request: GET https://live.euroleague.net/api/PlayByPlay?gamecode=112&seasoncode=E2024 "HTTP/1.1 200 OK"
15:29:16 INFO    HTTP Request: GET https://live.euroleague.net/api/Points?gamecode=112&seasoncode=E2024 "HTTP/1.1 200 OK"
15:29:20 INFO    HTTP Request: GET https://api-live.euroleague.net/v2/competitions/E/seasons/E2024/games/113/stats "HTTP/1.1 200 OK"
15:29:24 INFO    HTTP Request: GET https://live.euroleague.net/api/PlayByPlay?gamecode=113&seasoncode=E2024 "HTTP/1.1 200 OK"
15:29:28 INFO    HTTP Request: GET https://live.euroleague.net/api/Points?gamecode=113&seasoncode=E2024 "HTTP/1.1 200 OK"
15:29:32 INFO    HTTP Request: GET https://api-live.euroleague.net/v2/competitions/E/seasons/E2024/games/114/stats "HTTP/1.1 200 OK"
15:29:36 INFO    HTTP Request: GET https://live.euroleague.net/api/PlayByPlay?gamecode=114&seasoncode=E2024 "HTTP/1.1 200 OK"
15:29:39 INFO    HTTP Request: GET https://live.euroleague.net/api/Points?gamecode=114&seasoncode=E2024 "HTTP/1.1 200 OK"
15:29:44 INFO    HTTP Request: GET https://api-live.euroleague.net/v2/competitions/E/seasons/E2024/games/115/stats "HTTP/1.1 200 OK"
15:29:48 INFO    HTTP Request: GET https://live.euroleague.net/api/PlayByPlay?gamecode=115&seasoncode=E2024 "HTTP/1.1 200 OK"
15:29:52 INFO    HTTP Request: GET https://live.euroleague.net/api/Points?gamecode=115&seasoncode=E2024 "HTTP/1.1 200 OK"
15:29:56 INFO    HTTP Request: GET https://api-live.euroleague.net/v2/competitions/E/seasons/E2024/games/116/stats "HTTP/1.1 200 OK"
15:30:00 INFO    HTTP Request: GET https://live.euroleague.net/api/PlayByPlay?gamecode=116&seasoncode=E2024 "HTTP/1.1 200 OK"
15:30:04 INFO    HTTP Request: GET https://live.euroleague.net/api/Points?gamecode=116&seasoncode=E2024 "HTTP/1.1 200 OK"
15:30:08 INFO    HTTP Request: GET https://api-live.euroleague.net/v2/competitions/E/seasons/E2024/games/117/stats "HTTP/1.1 200 OK"
15:30:12 INFO    HTTP Request: GET https://live.euroleague.net/api/PlayByPlay?gamecode=117&seasoncode=E2024 "HTTP/1.1 200 OK"
15:30:16 INFO    HTTP Request: GET https://live.euroleague.net/api/Points?gamecode=117&seasoncode=E2024 "HTTP/1.1 200 OK"
15:30:20 INFO    HTTP Request: GET https://api-live.euroleague.net/v2/competitions/E/seasons/E2024/games/118/stats "HTTP/1.1 200 OK"
15:30:24 INFO    HTTP Request: GET https://live.euroleague.net/api/PlayByPlay?gamecode=118&seasoncode=E2024 "HTTP/1.1 200 OK"
15:30:28 INFO    HTTP Request: GET https://live.euroleague.net/api/Points?gamecode=118&seasoncode=E2024 "HTTP/1.1 200 OK"
15:30:32 INFO    HTTP Request: GET https://api-live.euroleague.net/v2/competitions/E/seasons/E2024/games/119/stats "HTTP/1.1 200 OK"
15:30:36 INFO    HTTP Request: GET https://live.euroleague.net/api/PlayByPlay?gamecode=119&seasoncode=E2024 "HTTP/1.1 200 OK"
15:30:40 INFO    HTTP Request: GET https://live.euroleague.net/api/Points?gamecode=119&seasoncode=E2024 "HTTP/1.1 200 OK"
15:30:44 INFO    HTTP Request: GET https://api-live.euroleague.net/v2/competitions/E/seasons/E2024/games/120/stats "HTTP/1.1 200 OK"
15:30:48 INFO    HTTP Request: GET https://live.euroleague.net/api/PlayByPlay?gamecode=120&seasoncode=E2024 "HTTP/1.1 200 OK"
15:30:52 INFO    HTTP Request: GET https://live.euroleague.net/api/Points?gamecode=120&seasoncode=E2024 "HTTP/1.1 200 OK"
15:30:56 INFO    HTTP Request: GET https://api-live.euroleague.net/v2/competitions/E/seasons/E2024/games/121/stats "HTTP/1.1 200 OK"
15:31:00 INFO    HTTP Request: GET https://live.euroleague.net/api/PlayByPlay?gamecode=121&seasoncode=E2024 "HTTP/1.1 200 OK"
15:31:04 INFO    HTTP Request: GET https://live.euroleague.net/api/Points?gamecode=121&seasoncode=E2024 "HTTP/1.1 200 OK"
15:31:08 INFO    HTTP Request: GET https://api-live.euroleague.net/v2/competitions/E/seasons/E2024/games/122/stats "HTTP/1.1 200 OK"
15:31:12 INFO    HTTP Request: GET https://live.euroleague.net/api/PlayByPlay?gamecode=122&seasoncode=E2024 "HTTP/1.1 200 OK"
15:31:16 INFO    HTTP Request: GET https://live.euroleague.net/api/Points?gamecode=122&seasoncode=E2024 "HTTP/1.1 200 OK"
15:31:20 INFO    HTTP Request: GET https://api-live.euroleague.net/v2/competitions/E/seasons/E2024/games/123/stats "HTTP/1.1 200 OK"
15:31:24 INFO    HTTP Request: GET https://live.euroleague.net/api/PlayByPlay?gamecode=123&seasoncode=E2024 "HTTP/1.1 200 OK"
15:31:28 INFO    HTTP Request: GET https://live.euroleague.net/api/Points?gamecode=123&seasoncode=E2024 "HTTP/1.1 200 OK"
15:31:32 INFO    HTTP Request: GET https://api-live.euroleague.net/v2/competitions/E/seasons/E2024/games/124/stats "HTTP/1.1 200 OK"
15:31:37 INFO    HTTP Request: GET https://live.euroleague.net/api/PlayByPlay?gamecode=124&seasoncode=E2024 "HTTP/1.1 200 OK"
15:31:40 INFO    HTTP Request: GET https://live.euroleague.net/api/Points?gamecode=124&seasoncode=E2024 "HTTP/1.1 200 OK"
15:31:44 INFO    HTTP Request: GET https://api-live.euroleague.net/v2/competitions/E/seasons/E2024/games/125/stats "HTTP/1.1 200 OK"
15:31:48 INFO    HTTP Request: GET https://live.euroleague.net/api/PlayByPlay?gamecode=125&seasoncode=E2024 "HTTP/1.1 200 OK"
15:31:52 INFO    HTTP Request: GET https://live.euroleague.net/api/Points?gamecode=125&seasoncode=E2024 "HTTP/1.1 200 OK"
15:31:52 INFO    E2024 125/330 games | 378 requests, 1 cached, 0 rate-limits, 1469.0s slept
15:31:56 INFO    HTTP Request: GET https://api-live.euroleague.net/v2/competitions/E/seasons/E2024/games/126/stats "HTTP/1.1 200 OK"
15:32:00 INFO    HTTP Request: GET https://live.euroleague.net/api/PlayByPlay?gamecode=126&seasoncode=E2024 "HTTP/1.1 200 OK"
15:32:04 INFO    HTTP Request: GET https://live.euroleague.net/api/Points?gamecode=126&seasoncode=E2024 "HTTP/1.1 200 OK"
15:32:08 INFO    HTTP Request: GET https://api-live.euroleague.net/v2/competitions/E/seasons/E2024/games/127/stats "HTTP/1.1 200 OK"
15:32:12 INFO    HTTP Request: GET https://live.euroleague.net/api/PlayByPlay?gamecode=127&seasoncode=E2024 "HTTP/1.1 200 OK"
15:32:16 INFO    HTTP Request: GET https://live.euroleague.net/api/Points?gamecode=127&seasoncode=E2024 "HTTP/1.1 200 OK"
15:32:20 INFO    HTTP Request: GET https://api-live.euroleague.net/v2/competitions/E/seasons/E2024/games/128/stats "HTTP/1.1 200 OK"
15:32:24 INFO    HTTP Request: GET https://live.euroleague.net/api/PlayByPlay?gamecode=128&seasoncode=E2024 "HTTP/1.1 200 OK"
15:32:28 INFO    HTTP Request: GET https://live.euroleague.net/api/Points?gamecode=128&seasoncode=E2024 "HTTP/1.1 200 OK"
15:32:32 INFO    HTTP Request: GET https://api-live.euroleague.net/v2/competitions/E/seasons/E2024/games/129/stats "HTTP/1.1 200 OK"
15:32:36 INFO    HTTP Request: GET https://live.euroleague.net/api/PlayByPlay?gamecode=129&seasoncode=E2024 "HTTP/1.1 200 OK"
15:32:40 INFO    HTTP Request: GET https://live.euroleague.net/api/Points?gamecode=129&seasoncode=E2024 "HTTP/1.1 200 OK"
15:32:44 INFO    HTTP Request: GET https://api-live.euroleague.net/v2/competitions/E/seasons/E2024/games/130/stats "HTTP/1.1 200 OK"
15:32:48 INFO    HTTP Request: GET https://live.euroleague.net/api/PlayByPlay?gamecode=130&seasoncode=E2024 "HTTP/1.1 200 OK"
15:32:52 INFO    HTTP Request: GET https://live.euroleague.net/api/Points?gamecode=130&seasoncode=E2024 "HTTP/1.1 200 OK"
15:32:56 INFO    HTTP Request: GET https://api-live.euroleague.net/v2/competitions/E/seasons/E2024/games/131/stats "HTTP/1.1 200 OK"
15:33:01 INFO    HTTP Request: GET https://live.euroleague.net/api/PlayByPlay?gamecode=131&seasoncode=E2024 "HTTP/1.1 200 OK"
15:33:04 INFO    HTTP Request: GET https://live.euroleague.net/api/Points?gamecode=131&seasoncode=E2024 "HTTP/1.1 200 OK"
15:33:08 INFO    HTTP Request: GET https://api-live.euroleague.net/v2/competitions/E/seasons/E2024/games/132/stats "HTTP/1.1 200 OK"
15:33:12 INFO    HTTP Request: GET https://live.euroleague.net/api/PlayByPlay?gamecode=132&seasoncode=E2024 "HTTP/1.1 200 OK"
15:33:16 INFO    HTTP Request: GET https://live.euroleague.net/api/Points?gamecode=132&seasoncode=E2024 "HTTP/1.1 200 OK"
15:33:20 INFO    HTTP Request: GET https://api-live.euroleague.net/v2/competitions/E/seasons/E2024/games/133/stats "HTTP/1.1 200 OK"
15:33:24 INFO    HTTP Request: GET https://live.euroleague.net/api/PlayByPlay?gamecode=133&seasoncode=E2024 "HTTP/1.1 200 OK"
15:33:28 INFO    HTTP Request: GET https://live.euroleague.net/api/Points?gamecode=133&seasoncode=E2024 "HTTP/1.1 200 OK"
15:33:32 INFO    HTTP Request: GET https://api-live.euroleague.net/v2/competitions/E/seasons/E2024/games/134/stats "HTTP/1.1 200 OK"
15:33:37 INFO    HTTP Request: GET https://live.euroleague.net/api/PlayByPlay?gamecode=134&seasoncode=E2024 "HTTP/1.1 200 OK"
15:33:40 INFO    HTTP Request: GET https://live.euroleague.net/api/Points?gamecode=134&seasoncode=E2024 "HTTP/1.1 200 OK"
15:33:44 INFO    HTTP Request: GET https://api-live.euroleague.net/v2/competitions/E/seasons/E2024/games/135/stats "HTTP/1.1 200 OK"
15:33:49 INFO    HTTP Request: GET https://live.euroleague.net/api/PlayByPlay?gamecode=135&seasoncode=E2024 "HTTP/1.1 200 OK"
15:33:52 INFO    HTTP Request: GET https://live.euroleague.net/api/Points?gamecode=135&seasoncode=E2024 "HTTP/1.1 200 OK"
15:33:56 INFO    HTTP Request: GET https://api-live.euroleague.net/v2/competitions/E/seasons/E2024/games/136/stats "HTTP/1.1 200 OK"
15:34:01 INFO    HTTP Request: GET https://live.euroleague.net/api/PlayByPlay?gamecode=136&seasoncode=E2024 "HTTP/1.1 200 OK"
15:34:04 INFO    HTTP Request: GET https://live.euroleague.net/api/Points?gamecode=136&seasoncode=E2024 "HTTP/1.1 200 OK"
15:34:08 INFO    HTTP Request: GET https://api-live.euroleague.net/v2/competitions/E/seasons/E2024/games/137/stats "HTTP/1.1 200 OK"
15:34:13 INFO    HTTP Request: GET https://live.euroleague.net/api/PlayByPlay?gamecode=137&seasoncode=E2024 "HTTP/1.1 200 OK"
15:34:16 INFO    HTTP Request: GET https://live.euroleague.net/api/Points?gamecode=137&seasoncode=E2024 "HTTP/1.1 200 OK"
15:34:20 INFO    HTTP Request: GET https://api-live.euroleague.net/v2/competitions/E/seasons/E2024/games/138/stats "HTTP/1.1 200 OK"
15:34:25 INFO    HTTP Request: GET https://live.euroleague.net/api/PlayByPlay?gamecode=138&seasoncode=E2024 "HTTP/1.1 200 OK"
15:34:28 INFO    HTTP Request: GET https://live.euroleague.net/api/Points?gamecode=138&seasoncode=E2024 "HTTP/1.1 200 OK"
15:34:32 INFO    HTTP Request: GET https://api-live.euroleague.net/v2/competitions/E/seasons/E2024/games/139/stats "HTTP/1.1 200 OK"
15:34:37 INFO    HTTP Request: GET https://live.euroleague.net/api/PlayByPlay?gamecode=139&seasoncode=E2024 "HTTP/1.1 200 OK"
15:34:41 INFO    HTTP Request: GET https://live.euroleague.net/api/Points?gamecode=139&seasoncode=E2024 "HTTP/1.1 200 OK"
15:34:44 INFO    HTTP Request: GET https://api-live.euroleague.net/v2/competitions/E/seasons/E2024/games/140/stats "HTTP/1.1 200 OK"
15:34:49 INFO    HTTP Request: GET https://live.euroleague.net/api/PlayByPlay?gamecode=140&seasoncode=E2024 "HTTP/1.1 200 OK"
15:34:53 INFO    HTTP Request: GET https://live.euroleague.net/api/Points?gamecode=140&seasoncode=E2024 "HTTP/1.1 200 OK"
15:34:57 INFO    HTTP Request: GET https://api-live.euroleague.net/v2/competitions/E/seasons/E2024/games/141/stats "HTTP/1.1 200 OK"
15:35:01 INFO    HTTP Request: GET https://live.euroleague.net/api/PlayByPlay?gamecode=141&seasoncode=E2024 "HTTP/1.1 200 OK"
15:35:05 INFO    HTTP Request: GET https://live.euroleague.net/api/Points?gamecode=141&seasoncode=E2024 "HTTP/1.1 200 OK"
15:35:08 INFO    HTTP Request: GET https://api-live.euroleague.net/v2/competitions/E/seasons/E2024/games/142/stats "HTTP/1.1 200 OK"
15:35:13 INFO    HTTP Request: GET https://live.euroleague.net/api/PlayByPlay?gamecode=142&seasoncode=E2024 "HTTP/1.1 200 OK"
15:35:17 INFO    HTTP Request: GET https://live.euroleague.net/api/Points?gamecode=142&seasoncode=E2024 "HTTP/1.1 200 OK"
15:35:21 INFO    HTTP Request: GET https://api-live.euroleague.net/v2/competitions/E/seasons/E2024/games/143/stats "HTTP/1.1 200 OK"
15:35:25 INFO    HTTP Request: GET https://live.euroleague.net/api/PlayByPlay?gamecode=143&seasoncode=E2024 "HTTP/1.1 200 OK"
15:35:29 INFO    HTTP Request: GET https://live.euroleague.net/api/Points?gamecode=143&seasoncode=E2024 "HTTP/1.1 200 OK"
15:35:32 INFO    HTTP Request: GET https://api-live.euroleague.net/v2/competitions/E/seasons/E2024/games/144/stats "HTTP/1.1 200 OK"
15:35:37 INFO    HTTP Request: GET https://live.euroleague.net/api/PlayByPlay?gamecode=144&seasoncode=E2024 "HTTP/1.1 200 OK"
15:35:41 INFO    HTTP Request: GET https://live.euroleague.net/api/Points?gamecode=144&seasoncode=E2024 "HTTP/1.1 200 OK"
15:35:45 INFO    HTTP Request: GET https://api-live.euroleague.net/v2/competitions/E/seasons/E2024/games/145/stats "HTTP/1.1 200 OK"
15:35:49 INFO    HTTP Request: GET https://live.euroleague.net/api/PlayByPlay?gamecode=145&seasoncode=E2024 "HTTP/1.1 200 OK"
15:35:53 INFO    HTTP Request: GET https://live.euroleague.net/api/Points?gamecode=145&seasoncode=E2024 "HTTP/1.1 200 OK"
15:35:57 INFO    HTTP Request: GET https://api-live.euroleague.net/v2/competitions/E/seasons/E2024/games/146/stats "HTTP/1.1 200 OK"
15:36:01 INFO    HTTP Request: GET https://live.euroleague.net/api/PlayByPlay?gamecode=146&seasoncode=E2024 "HTTP/1.1 200 OK"
15:36:05 INFO    HTTP Request: GET https://live.euroleague.net/api/Points?gamecode=146&seasoncode=E2024 "HTTP/1.1 200 OK"
15:36:09 INFO    HTTP Request: GET https://api-live.euroleague.net/v2/competitions/E/seasons/E2024/games/147/stats "HTTP/1.1 200 OK"
15:36:13 INFO    HTTP Request: GET https://live.euroleague.net/api/PlayByPlay?gamecode=147&seasoncode=E2024 "HTTP/1.1 200 OK"
15:36:17 INFO    HTTP Request: GET https://live.euroleague.net/api/Points?gamecode=147&seasoncode=E2024 "HTTP/1.1 200 OK"
15:36:21 INFO    HTTP Request: GET https://api-live.euroleague.net/v2/competitions/E/seasons/E2024/games/148/stats "HTTP/1.1 200 OK"
15:36:25 INFO    HTTP Request: GET https://live.euroleague.net/api/PlayByPlay?gamecode=148&seasoncode=E2024 "HTTP/1.1 200 OK"
15:36:29 INFO    HTTP Request: GET https://live.euroleague.net/api/Points?gamecode=148&seasoncode=E2024 "HTTP/1.1 200 OK"
15:36:33 INFO    HTTP Request: GET https://api-live.euroleague.net/v2/competitions/E/seasons/E2024/games/149/stats "HTTP/1.1 200 OK"
15:36:37 INFO    HTTP Request: GET https://live.euroleague.net/api/PlayByPlay?gamecode=149&seasoncode=E2024 "HTTP/1.1 200 OK"
15:36:40 INFO    HTTP Request: GET https://live.euroleague.net/api/Points?gamecode=149&seasoncode=E2024 "HTTP/1.1 200 OK"
15:36:45 INFO    HTTP Request: GET https://api-live.euroleague.net/v2/competitions/E/seasons/E2024/games/150/stats "HTTP/1.1 200 OK"
15:36:49 INFO    HTTP Request: GET https://live.euroleague.net/api/PlayByPlay?gamecode=150&seasoncode=E2024 "HTTP/1.1 200 OK"
15:36:53 INFO    HTTP Request: GET https://live.euroleague.net/api/Points?gamecode=150&seasoncode=E2024 "HTTP/1.1 200 OK"
15:36:53 INFO    E2024 150/330 games | 453 requests, 1 cached, 0 rate-limits, 1721.2s slept
15:36:57 INFO    HTTP Request: GET https://api-live.euroleague.net/v2/competitions/E/seasons/E2024/games/151/stats "HTTP/1.1 200 OK"
15:37:01 INFO    HTTP Request: GET https://live.euroleague.net/api/PlayByPlay?gamecode=151&seasoncode=E2024 "HTTP/1.1 200 OK"
15:37:05 INFO    HTTP Request: GET https://live.euroleague.net/api/Points?gamecode=151&seasoncode=E2024 "HTTP/1.1 200 OK"
15:37:09 INFO    HTTP Request: GET https://api-live.euroleague.net/v2/competitions/E/seasons/E2024/games/152/stats "HTTP/1.1 200 OK"
15:37:13 INFO    HTTP Request: GET https://live.euroleague.net/api/PlayByPlay?gamecode=152&seasoncode=E2024 "HTTP/1.1 200 OK"
15:37:17 INFO    HTTP Request: GET https://live.euroleague.net/api/Points?gamecode=152&seasoncode=E2024 "HTTP/1.1 200 OK"
15:37:21 INFO    HTTP Request: GET https://api-live.euroleague.net/v2/competitions/E/seasons/E2024/games/153/stats "HTTP/1.1 200 OK"
15:37:25 INFO    HTTP Request: GET https://live.euroleague.net/api/PlayByPlay?gamecode=153&seasoncode=E2024 "HTTP/1.1 200 OK"
15:37:29 INFO    HTTP Request: GET https://live.euroleague.net/api/Points?gamecode=153&seasoncode=E2024 "HTTP/1.1 200 OK"
15:37:33 INFO    HTTP Request: GET https://api-live.euroleague.net/v2/competitions/E/seasons/E2024/games/154/stats "HTTP/1.1 200 OK"
15:37:37 INFO    HTTP Request: GET https://live.euroleague.net/api/PlayByPlay?gamecode=154&seasoncode=E2024 "HTTP/1.1 200 OK"
15:37:41 INFO    HTTP Request: GET https://live.euroleague.net/api/Points?gamecode=154&seasoncode=E2024 "HTTP/1.1 200 OK"
15:37:45 INFO    HTTP Request: GET https://api-live.euroleague.net/v2/competitions/E/seasons/E2024/games/155/stats "HTTP/1.1 200 OK"
15:37:49 INFO    HTTP Request: GET https://live.euroleague.net/api/PlayByPlay?gamecode=155&seasoncode=E2024 "HTTP/1.1 200 OK"
15:37:53 INFO    HTTP Request: GET https://live.euroleague.net/api/Points?gamecode=155&seasoncode=E2024 "HTTP/1.1 200 OK"
15:37:57 INFO    HTTP Request: GET https://api-live.euroleague.net/v2/competitions/E/seasons/E2024/games/156/stats "HTTP/1.1 200 OK"
15:38:01 INFO    HTTP Request: GET https://live.euroleague.net/api/PlayByPlay?gamecode=156&seasoncode=E2024 "HTTP/1.1 200 OK"
15:38:05 INFO    HTTP Request: GET https://live.euroleague.net/api/Points?gamecode=156&seasoncode=E2024 "HTTP/1.1 200 OK"
15:38:09 INFO    HTTP Request: GET https://api-live.euroleague.net/v2/competitions/E/seasons/E2024/games/157/stats "HTTP/1.1 200 OK"
15:38:13 INFO    HTTP Request: GET https://live.euroleague.net/api/PlayByPlay?gamecode=157&seasoncode=E2024 "HTTP/1.1 200 OK"
15:38:17 INFO    HTTP Request: GET https://live.euroleague.net/api/Points?gamecode=157&seasoncode=E2024 "HTTP/1.1 200 OK"
15:38:21 INFO    HTTP Request: GET https://api-live.euroleague.net/v2/competitions/E/seasons/E2024/games/158/stats "HTTP/1.1 200 OK"
15:38:25 INFO    HTTP Request: GET https://live.euroleague.net/api/PlayByPlay?gamecode=158&seasoncode=E2024 "HTTP/1.1 200 OK"
15:38:29 INFO    HTTP Request: GET https://live.euroleague.net/api/Points?gamecode=158&seasoncode=E2024 "HTTP/1.1 200 OK"
15:38:33 INFO    HTTP Request: GET https://api-live.euroleague.net/v2/competitions/E/seasons/E2024/games/159/stats "HTTP/1.1 200 OK"
15:38:37 INFO    HTTP Request: GET https://live.euroleague.net/api/PlayByPlay?gamecode=159&seasoncode=E2024 "HTTP/1.1 200 OK"
15:38:41 INFO    HTTP Request: GET https://live.euroleague.net/api/Points?gamecode=159&seasoncode=E2024 "HTTP/1.1 200 OK"
15:38:45 INFO    HTTP Request: GET https://api-live.euroleague.net/v2/competitions/E/seasons/E2024/games/160/stats "HTTP/1.1 200 OK"
15:38:49 INFO    HTTP Request: GET https://live.euroleague.net/api/PlayByPlay?gamecode=160&seasoncode=E2024 "HTTP/1.1 200 OK"
15:38:53 INFO    HTTP Request: GET https://live.euroleague.net/api/Points?gamecode=160&seasoncode=E2024 "HTTP/1.1 200 OK"
15:38:57 INFO    HTTP Request: GET https://api-live.euroleague.net/v2/competitions/E/seasons/E2024/games/161/stats "HTTP/1.1 200 OK"
15:39:01 INFO    HTTP Request: GET https://live.euroleague.net/api/PlayByPlay?gamecode=161&seasoncode=E2024 "HTTP/1.1 200 OK"
15:39:05 INFO    HTTP Request: GET https://live.euroleague.net/api/Points?gamecode=161&seasoncode=E2024 "HTTP/1.1 200 OK"
15:39:09 INFO    HTTP Request: GET https://api-live.euroleague.net/v2/competitions/E/seasons/E2024/games/162/stats "HTTP/1.1 200 OK"
15:39:13 INFO    HTTP Request: GET https://live.euroleague.net/api/PlayByPlay?gamecode=162&seasoncode=E2024 "HTTP/1.1 200 OK"
15:39:17 INFO    HTTP Request: GET https://live.euroleague.net/api/Points?gamecode=162&seasoncode=E2024 "HTTP/1.1 200 OK"
15:39:21 INFO    HTTP Request: GET https://api-live.euroleague.net/v2/competitions/E/seasons/E2024/games/163/stats "HTTP/1.1 200 OK"
15:39:25 INFO    HTTP Request: GET https://live.euroleague.net/api/PlayByPlay?gamecode=163&seasoncode=E2024 "HTTP/1.1 200 OK"
15:39:29 INFO    HTTP Request: GET https://live.euroleague.net/api/Points?gamecode=163&seasoncode=E2024 "HTTP/1.1 200 OK"
15:39:33 INFO    HTTP Request: GET https://api-live.euroleague.net/v2/competitions/E/seasons/E2024/games/164/stats "HTTP/1.1 200 OK"
15:39:37 INFO    HTTP Request: GET https://live.euroleague.net/api/PlayByPlay?gamecode=164&seasoncode=E2024 "HTTP/1.1 200 OK"
15:39:41 INFO    HTTP Request: GET https://live.euroleague.net/api/Points?gamecode=164&seasoncode=E2024 "HTTP/1.1 200 OK"
15:39:45 INFO    HTTP Request: GET https://api-live.euroleague.net/v2/competitions/E/seasons/E2024/games/165/stats "HTTP/1.1 200 OK"
15:39:49 INFO    HTTP Request: GET https://live.euroleague.net/api/PlayByPlay?gamecode=165&seasoncode=E2024 "HTTP/1.1 200 OK"
15:39:53 INFO    HTTP Request: GET https://live.euroleague.net/api/Points?gamecode=165&seasoncode=E2024 "HTTP/1.1 200 OK"
15:39:57 INFO    HTTP Request: GET https://api-live.euroleague.net/v2/competitions/E/seasons/E2024/games/166/stats "HTTP/1.1 200 OK"
15:40:01 INFO    HTTP Request: GET https://live.euroleague.net/api/PlayByPlay?gamecode=166&seasoncode=E2024 "HTTP/1.1 200 OK"
15:40:05 INFO    HTTP Request: GET https://live.euroleague.net/api/Points?gamecode=166&seasoncode=E2024 "HTTP/1.1 200 OK"
15:40:09 INFO    HTTP Request: GET https://api-live.euroleague.net/v2/competitions/E/seasons/E2024/games/167/stats "HTTP/1.1 200 OK"
15:40:13 INFO    HTTP Request: GET https://live.euroleague.net/api/PlayByPlay?gamecode=167&seasoncode=E2024 "HTTP/1.1 200 OK"
15:40:24 INFO    HTTP Request: GET https://live.euroleague.net/api/Points?gamecode=167&seasoncode=E2024 "HTTP/1.1 200 OK"
15:40:24 INFO    HTTP Request: GET https://api-live.euroleague.net/v2/competitions/E/seasons/E2024/games/168/stats "HTTP/1.1 200 OK"
15:40:29 INFO    HTTP Request: GET https://live.euroleague.net/api/PlayByPlay?gamecode=168&seasoncode=E2024 "HTTP/1.1 200 OK"
15:40:33 INFO    HTTP Request: GET https://live.euroleague.net/api/Points?gamecode=168&seasoncode=E2024 "HTTP/1.1 200 OK"
15:40:36 INFO    HTTP Request: GET https://api-live.euroleague.net/v2/competitions/E/seasons/E2024/games/169/stats "HTTP/1.1 200 OK"
15:40:41 INFO    HTTP Request: GET https://live.euroleague.net/api/PlayByPlay?gamecode=169&seasoncode=E2024 "HTTP/1.1 200 OK"
15:40:45 INFO    HTTP Request: GET https://live.euroleague.net/api/Points?gamecode=169&seasoncode=E2024 "HTTP/1.1 200 OK"
15:40:48 INFO    HTTP Request: GET https://api-live.euroleague.net/v2/competitions/E/seasons/E2024/games/170/stats "HTTP/1.1 200 OK"
15:40:53 INFO    HTTP Request: GET https://live.euroleague.net/api/PlayByPlay?gamecode=170&seasoncode=E2024 "HTTP/1.1 200 OK"
15:40:57 INFO    HTTP Request: GET https://live.euroleague.net/api/Points?gamecode=170&seasoncode=E2024 "HTTP/1.1 200 OK"
15:41:00 INFO    HTTP Request: GET https://api-live.euroleague.net/v2/competitions/E/seasons/E2024/games/171/stats "HTTP/1.1 200 OK"
15:41:05 INFO    HTTP Request: GET https://live.euroleague.net/api/PlayByPlay?gamecode=171&seasoncode=E2024 "HTTP/1.1 200 OK"
15:41:09 INFO    HTTP Request: GET https://live.euroleague.net/api/Points?gamecode=171&seasoncode=E2024 "HTTP/1.1 200 OK"
15:41:12 INFO    HTTP Request: GET https://api-live.euroleague.net/v2/competitions/E/seasons/E2024/games/172/stats "HTTP/1.1 200 OK"
15:41:17 INFO    HTTP Request: GET https://live.euroleague.net/api/PlayByPlay?gamecode=172&seasoncode=E2024 "HTTP/1.1 200 OK"
15:41:21 INFO    HTTP Request: GET https://live.euroleague.net/api/Points?gamecode=172&seasoncode=E2024 "HTTP/1.1 200 OK"
15:41:25 INFO    HTTP Request: GET https://api-live.euroleague.net/v2/competitions/E/seasons/E2024/games/173/stats "HTTP/1.1 200 OK"
15:41:29 INFO    HTTP Request: GET https://live.euroleague.net/api/PlayByPlay?gamecode=173&seasoncode=E2024 "HTTP/1.1 200 OK"
15:41:33 INFO    HTTP Request: GET https://live.euroleague.net/api/Points?gamecode=173&seasoncode=E2024 "HTTP/1.1 200 OK"
15:41:37 INFO    HTTP Request: GET https://api-live.euroleague.net/v2/competitions/E/seasons/E2024/games/174/stats "HTTP/1.1 200 OK"
15:41:41 INFO    HTTP Request: GET https://live.euroleague.net/api/PlayByPlay?gamecode=174&seasoncode=E2024 "HTTP/1.1 200 OK"
15:41:45 INFO    HTTP Request: GET https://live.euroleague.net/api/Points?gamecode=174&seasoncode=E2024 "HTTP/1.1 200 OK"
15:41:49 INFO    HTTP Request: GET https://api-live.euroleague.net/v2/competitions/E/seasons/E2024/games/175/stats "HTTP/1.1 200 OK"
15:41:53 INFO    HTTP Request: GET https://live.euroleague.net/api/PlayByPlay?gamecode=175&seasoncode=E2024 "HTTP/1.1 200 OK"
15:41:57 INFO    HTTP Request: GET https://live.euroleague.net/api/Points?gamecode=175&seasoncode=E2024 "HTTP/1.1 200 OK"
15:41:57 INFO    E2024 175/330 games | 528 requests, 1 cached, 0 rate-limits, 1969.6s slept
15:42:01 INFO    HTTP Request: GET https://api-live.euroleague.net/v2/competitions/E/seasons/E2024/games/176/stats "HTTP/1.1 200 OK"
15:42:05 INFO    HTTP Request: GET https://live.euroleague.net/api/PlayByPlay?gamecode=176&seasoncode=E2024 "HTTP/1.1 200 OK"
15:42:09 INFO    HTTP Request: GET https://live.euroleague.net/api/Points?gamecode=176&seasoncode=E2024 "HTTP/1.1 200 OK"
15:42:13 INFO    HTTP Request: GET https://api-live.euroleague.net/v2/competitions/E/seasons/E2024/games/177/stats "HTTP/1.1 200 OK"
15:42:17 INFO    HTTP Request: GET https://live.euroleague.net/api/PlayByPlay?gamecode=177&seasoncode=E2024 "HTTP/1.1 200 OK"
15:42:21 INFO    HTTP Request: GET https://live.euroleague.net/api/Points?gamecode=177&seasoncode=E2024 "HTTP/1.1 200 OK"
15:42:25 INFO    HTTP Request: GET https://api-live.euroleague.net/v2/competitions/E/seasons/E2024/games/178/stats "HTTP/1.1 200 OK"
15:42:29 INFO    HTTP Request: GET https://live.euroleague.net/api/PlayByPlay?gamecode=178&seasoncode=E2024 "HTTP/1.1 200 OK"
15:42:33 INFO    HTTP Request: GET https://live.euroleague.net/api/Points?gamecode=178&seasoncode=E2024 "HTTP/1.1 200 OK"
15:42:37 INFO    HTTP Request: GET https://api-live.euroleague.net/v2/competitions/E/seasons/E2024/games/179/stats "HTTP/1.1 200 OK"
15:42:41 INFO    HTTP Request: GET https://live.euroleague.net/api/PlayByPlay?gamecode=179&seasoncode=E2024 "HTTP/1.1 200 OK"
15:42:45 INFO    HTTP Request: GET https://live.euroleague.net/api/Points?gamecode=179&seasoncode=E2024 "HTTP/1.1 200 OK"
15:42:49 INFO    HTTP Request: GET https://api-live.euroleague.net/v2/competitions/E/seasons/E2024/games/180/stats "HTTP/1.1 200 OK"
15:42:53 INFO    HTTP Request: GET https://live.euroleague.net/api/PlayByPlay?gamecode=180&seasoncode=E2024 "HTTP/1.1 200 OK"
15:42:57 INFO    HTTP Request: GET https://live.euroleague.net/api/Points?gamecode=180&seasoncode=E2024 "HTTP/1.1 200 OK"
15:43:01 INFO    HTTP Request: GET https://api-live.euroleague.net/v2/competitions/E/seasons/E2024/games/181/stats "HTTP/1.1 200 OK"
15:43:05 INFO    HTTP Request: GET https://live.euroleague.net/api/PlayByPlay?gamecode=181&seasoncode=E2024 "HTTP/1.1 200 OK"
15:43:09 INFO    HTTP Request: GET https://live.euroleague.net/api/Points?gamecode=181&seasoncode=E2024 "HTTP/1.1 200 OK"
15:43:13 INFO    HTTP Request: GET https://api-live.euroleague.net/v2/competitions/E/seasons/E2024/games/182/stats "HTTP/1.1 200 OK"
15:43:17 INFO    HTTP Request: GET https://live.euroleague.net/api/PlayByPlay?gamecode=182&seasoncode=E2024 "HTTP/1.1 200 OK"
15:43:21 INFO    HTTP Request: GET https://live.euroleague.net/api/Points?gamecode=182&seasoncode=E2024 "HTTP/1.1 200 OK"
15:43:25 INFO    HTTP Request: GET https://api-live.euroleague.net/v2/competitions/E/seasons/E2024/games/183/stats "HTTP/1.1 200 OK"
15:43:29 INFO    HTTP Request: GET https://live.euroleague.net/api/PlayByPlay?gamecode=183&seasoncode=E2024 "HTTP/1.1 200 OK"
15:43:33 INFO    HTTP Request: GET https://live.euroleague.net/api/Points?gamecode=183&seasoncode=E2024 "HTTP/1.1 200 OK"
15:43:37 INFO    HTTP Request: GET https://api-live.euroleague.net/v2/competitions/E/seasons/E2024/games/184/stats "HTTP/1.1 200 OK"
15:43:41 INFO    HTTP Request: GET https://live.euroleague.net/api/PlayByPlay?gamecode=184&seasoncode=E2024 "HTTP/1.1 200 OK"
15:43:45 INFO    HTTP Request: GET https://live.euroleague.net/api/Points?gamecode=184&seasoncode=E2024 "HTTP/1.1 200 OK"
15:43:49 INFO    HTTP Request: GET https://api-live.euroleague.net/v2/competitions/E/seasons/E2024/games/185/stats "HTTP/1.1 200 OK"
15:43:53 INFO    HTTP Request: GET https://live.euroleague.net/api/PlayByPlay?gamecode=185&seasoncode=E2024 "HTTP/1.1 200 OK"
15:43:57 INFO    HTTP Request: GET https://live.euroleague.net/api/Points?gamecode=185&seasoncode=E2024 "HTTP/1.1 200 OK"
15:44:01 INFO    HTTP Request: GET https://api-live.euroleague.net/v2/competitions/E/seasons/E2024/games/186/stats "HTTP/1.1 200 OK"
15:44:06 INFO    HTTP Request: GET https://live.euroleague.net/api/PlayByPlay?gamecode=186&seasoncode=E2024 "HTTP/1.1 200 OK"
15:44:09 INFO    HTTP Request: GET https://live.euroleague.net/api/Points?gamecode=186&seasoncode=E2024 "HTTP/1.1 200 OK"
15:44:13 INFO    HTTP Request: GET https://api-live.euroleague.net/v2/competitions/E/seasons/E2024/games/187/stats "HTTP/1.1 200 OK"
15:44:17 INFO    HTTP Request: GET https://live.euroleague.net/api/PlayByPlay?gamecode=187&seasoncode=E2024 "HTTP/1.1 200 OK"
15:44:21 INFO    HTTP Request: GET https://live.euroleague.net/api/Points?gamecode=187&seasoncode=E2024 "HTTP/1.1 200 OK"
15:44:25 INFO    HTTP Request: GET https://api-live.euroleague.net/v2/competitions/E/seasons/E2024/games/188/stats "HTTP/1.1 200 OK"
15:44:29 INFO    HTTP Request: GET https://live.euroleague.net/api/PlayByPlay?gamecode=188&seasoncode=E2024 "HTTP/1.1 200 OK"
15:44:33 INFO    HTTP Request: GET https://live.euroleague.net/api/Points?gamecode=188&seasoncode=E2024 "HTTP/1.1 200 OK"
15:44:37 INFO    HTTP Request: GET https://api-live.euroleague.net/v2/competitions/E/seasons/E2024/games/189/stats "HTTP/1.1 200 OK"
15:44:41 INFO    HTTP Request: GET https://live.euroleague.net/api/PlayByPlay?gamecode=189&seasoncode=E2024 "HTTP/1.1 200 OK"
15:44:45 INFO    HTTP Request: GET https://live.euroleague.net/api/Points?gamecode=189&seasoncode=E2024 "HTTP/1.1 200 OK"
15:44:49 INFO    HTTP Request: GET https://api-live.euroleague.net/v2/competitions/E/seasons/E2024/games/190/stats "HTTP/1.1 200 OK"
15:44:53 INFO    HTTP Request: GET https://live.euroleague.net/api/PlayByPlay?gamecode=190&seasoncode=E2024 "HTTP/1.1 200 OK"
15:44:57 INFO    HTTP Request: GET https://live.euroleague.net/api/Points?gamecode=190&seasoncode=E2024 "HTTP/1.1 200 OK"
15:45:01 INFO    HTTP Request: GET https://api-live.euroleague.net/v2/competitions/E/seasons/E2024/games/191/stats "HTTP/1.1 200 OK"
15:45:05 INFO    HTTP Request: GET https://live.euroleague.net/api/PlayByPlay?gamecode=191&seasoncode=E2024 "HTTP/1.1 200 OK"
15:45:09 INFO    HTTP Request: GET https://live.euroleague.net/api/Points?gamecode=191&seasoncode=E2024 "HTTP/1.1 200 OK"
15:45:13 INFO    HTTP Request: GET https://api-live.euroleague.net/v2/competitions/E/seasons/E2024/games/192/stats "HTTP/1.1 200 OK"
15:45:18 INFO    HTTP Request: GET https://live.euroleague.net/api/PlayByPlay?gamecode=192&seasoncode=E2024 "HTTP/1.1 200 OK"
15:45:22 INFO    HTTP Request: GET https://live.euroleague.net/api/Points?gamecode=192&seasoncode=E2024 "HTTP/1.1 200 OK"
15:45:25 INFO    HTTP Request: GET https://api-live.euroleague.net/v2/competitions/E/seasons/E2024/games/193/stats "HTTP/1.1 200 OK"
15:45:30 INFO    HTTP Request: GET https://live.euroleague.net/api/PlayByPlay?gamecode=193&seasoncode=E2024 "HTTP/1.1 200 OK"
15:45:33 INFO    HTTP Request: GET https://live.euroleague.net/api/Points?gamecode=193&seasoncode=E2024 "HTTP/1.1 200 OK"
15:45:37 INFO    HTTP Request: GET https://api-live.euroleague.net/v2/competitions/E/seasons/E2024/games/194/stats "HTTP/1.1 200 OK"
15:45:41 INFO    HTTP Request: GET https://live.euroleague.net/api/PlayByPlay?gamecode=194&seasoncode=E2024 "HTTP/1.1 200 OK"
15:45:45 INFO    HTTP Request: GET https://live.euroleague.net/api/Points?gamecode=194&seasoncode=E2024 "HTTP/1.1 200 OK"
15:45:49 INFO    HTTP Request: GET https://api-live.euroleague.net/v2/competitions/E/seasons/E2024/games/195/stats "HTTP/1.1 200 OK"
15:45:53 INFO    HTTP Request: GET https://live.euroleague.net/api/PlayByPlay?gamecode=195&seasoncode=E2024 "HTTP/1.1 200 OK"
15:45:57 INFO    HTTP Request: GET https://live.euroleague.net/api/Points?gamecode=195&seasoncode=E2024 "HTTP/1.1 200 OK"
15:46:01 INFO    HTTP Request: GET https://api-live.euroleague.net/v2/competitions/E/seasons/E2024/games/196/stats "HTTP/1.1 200 OK"
15:46:05 INFO    HTTP Request: GET https://live.euroleague.net/api/PlayByPlay?gamecode=196&seasoncode=E2024 "HTTP/1.1 200 OK"
15:46:09 INFO    HTTP Request: GET https://live.euroleague.net/api/Points?gamecode=196&seasoncode=E2024 "HTTP/1.1 200 OK"
15:46:13 INFO    HTTP Request: GET https://api-live.euroleague.net/v2/competitions/E/seasons/E2024/games/197/stats "HTTP/1.1 200 OK"
15:46:17 INFO    HTTP Request: GET https://live.euroleague.net/api/PlayByPlay?gamecode=197&seasoncode=E2024 "HTTP/1.1 200 OK"
15:46:21 INFO    HTTP Request: GET https://live.euroleague.net/api/Points?gamecode=197&seasoncode=E2024 "HTTP/1.1 200 OK"
15:46:25 INFO    HTTP Request: GET https://api-live.euroleague.net/v2/competitions/E/seasons/E2024/games/198/stats "HTTP/1.1 200 OK"
15:46:30 INFO    HTTP Request: GET https://live.euroleague.net/api/PlayByPlay?gamecode=198&seasoncode=E2024 "HTTP/1.1 200 OK"
15:46:33 INFO    HTTP Request: GET https://live.euroleague.net/api/Points?gamecode=198&seasoncode=E2024 "HTTP/1.1 200 OK"
15:46:37 INFO    HTTP Request: GET https://api-live.euroleague.net/v2/competitions/E/seasons/E2024/games/199/stats "HTTP/1.1 200 OK"
15:46:41 INFO    HTTP Request: GET https://live.euroleague.net/api/PlayByPlay?gamecode=199&seasoncode=E2024 "HTTP/1.1 200 OK"
15:46:45 INFO    HTTP Request: GET https://live.euroleague.net/api/Points?gamecode=199&seasoncode=E2024 "HTTP/1.1 200 OK"
15:46:49 INFO    HTTP Request: GET https://api-live.euroleague.net/v2/competitions/E/seasons/E2024/games/200/stats "HTTP/1.1 200 OK"
15:46:53 INFO    HTTP Request: GET https://live.euroleague.net/api/PlayByPlay?gamecode=200&seasoncode=E2024 "HTTP/1.1 200 OK"
15:46:57 INFO    HTTP Request: GET https://live.euroleague.net/api/Points?gamecode=200&seasoncode=E2024 "HTTP/1.1 200 OK"
15:46:57 INFO    E2024 200/330 games | 603 requests, 1 cached, 0 rate-limits, 2216.1s slept
15:47:01 INFO    HTTP Request: GET https://api-live.euroleague.net/v2/competitions/E/seasons/E2024/games/201/stats "HTTP/1.1 200 OK"
15:47:05 INFO    HTTP Request: GET https://live.euroleague.net/api/PlayByPlay?gamecode=201&seasoncode=E2024 "HTTP/1.1 200 OK"
15:47:09 INFO    HTTP Request: GET https://live.euroleague.net/api/Points?gamecode=201&seasoncode=E2024 "HTTP/1.1 200 OK"
15:47:13 INFO    HTTP Request: GET https://api-live.euroleague.net/v2/competitions/E/seasons/E2024/games/202/stats "HTTP/1.1 200 OK"
15:47:18 INFO    HTTP Request: GET https://live.euroleague.net/api/PlayByPlay?gamecode=202&seasoncode=E2024 "HTTP/1.1 200 OK"
15:47:21 INFO    HTTP Request: GET https://live.euroleague.net/api/Points?gamecode=202&seasoncode=E2024 "HTTP/1.1 200 OK"
15:47:25 INFO    HTTP Request: GET https://api-live.euroleague.net/v2/competitions/E/seasons/E2024/games/203/stats "HTTP/1.1 200 OK"
15:47:30 INFO    HTTP Request: GET https://live.euroleague.net/api/PlayByPlay?gamecode=203&seasoncode=E2024 "HTTP/1.1 200 OK"
15:47:33 INFO    HTTP Request: GET https://live.euroleague.net/api/Points?gamecode=203&seasoncode=E2024 "HTTP/1.1 200 OK"
15:47:37 INFO    HTTP Request: GET https://api-live.euroleague.net/v2/competitions/E/seasons/E2024/games/204/stats "HTTP/1.1 200 OK"
15:47:41 INFO    HTTP Request: GET https://live.euroleague.net/api/PlayByPlay?gamecode=204&seasoncode=E2024 "HTTP/1.1 200 OK"
15:47:45 INFO    HTTP Request: GET https://live.euroleague.net/api/Points?gamecode=204&seasoncode=E2024 "HTTP/1.1 200 OK"
15:47:49 INFO    HTTP Request: GET https://api-live.euroleague.net/v2/competitions/E/seasons/E2024/games/205/stats "HTTP/1.1 200 OK"
15:47:54 INFO    HTTP Request: GET https://live.euroleague.net/api/PlayByPlay?gamecode=205&seasoncode=E2024 "HTTP/1.1 200 OK"
15:47:58 INFO    HTTP Request: GET https://live.euroleague.net/api/Points?gamecode=205&seasoncode=E2024 "HTTP/1.1 200 OK"
15:48:01 INFO    HTTP Request: GET https://api-live.euroleague.net/v2/competitions/E/seasons/E2024/games/206/stats "HTTP/1.1 200 OK"
15:48:05 INFO    HTTP Request: GET https://live.euroleague.net/api/PlayByPlay?gamecode=206&seasoncode=E2024 "HTTP/1.1 200 OK"
15:48:09 INFO    HTTP Request: GET https://live.euroleague.net/api/Points?gamecode=206&seasoncode=E2024 "HTTP/1.1 200 OK"
15:48:13 INFO    HTTP Request: GET https://api-live.euroleague.net/v2/competitions/E/seasons/E2024/games/207/stats "HTTP/1.1 200 OK"
15:48:18 INFO    HTTP Request: GET https://live.euroleague.net/api/PlayByPlay?gamecode=207&seasoncode=E2024 "HTTP/1.1 200 OK"
15:48:21 INFO    HTTP Request: GET https://live.euroleague.net/api/Points?gamecode=207&seasoncode=E2024 "HTTP/1.1 200 OK"
15:48:25 INFO    HTTP Request: GET https://api-live.euroleague.net/v2/competitions/E/seasons/E2024/games/208/stats "HTTP/1.1 200 OK"
15:48:30 INFO    HTTP Request: GET https://live.euroleague.net/api/PlayByPlay?gamecode=208&seasoncode=E2024 "HTTP/1.1 200 OK"
15:48:33 INFO    HTTP Request: GET https://live.euroleague.net/api/Points?gamecode=208&seasoncode=E2024 "HTTP/1.1 200 OK"
15:48:37 INFO    HTTP Request: GET https://api-live.euroleague.net/v2/competitions/E/seasons/E2024/games/209/stats "HTTP/1.1 200 OK"
15:48:42 INFO    HTTP Request: GET https://live.euroleague.net/api/PlayByPlay?gamecode=209&seasoncode=E2024 "HTTP/1.1 200 OK"
15:48:45 INFO    HTTP Request: GET https://live.euroleague.net/api/Points?gamecode=209&seasoncode=E2024 "HTTP/1.1 200 OK"
15:48:49 INFO    HTTP Request: GET https://api-live.euroleague.net/v2/competitions/E/seasons/E2024/games/210/stats "HTTP/1.1 200 OK"
15:48:54 INFO    HTTP Request: GET https://live.euroleague.net/api/PlayByPlay?gamecode=210&seasoncode=E2024 "HTTP/1.1 200 OK"
15:48:58 INFO    HTTP Request: GET https://live.euroleague.net/api/Points?gamecode=210&seasoncode=E2024 "HTTP/1.1 200 OK"
15:49:01 INFO    HTTP Request: GET https://api-live.euroleague.net/v2/competitions/E/seasons/E2024/games/211/stats "HTTP/1.1 200 OK"
15:49:06 INFO    HTTP Request: GET https://live.euroleague.net/api/PlayByPlay?gamecode=211&seasoncode=E2024 "HTTP/1.1 200 OK"
15:49:09 INFO    HTTP Request: GET https://live.euroleague.net/api/Points?gamecode=211&seasoncode=E2024 "HTTP/1.1 200 OK"
15:49:13 INFO    HTTP Request: GET https://api-live.euroleague.net/v2/competitions/E/seasons/E2024/games/212/stats "HTTP/1.1 200 OK"
15:49:18 INFO    HTTP Request: GET https://live.euroleague.net/api/PlayByPlay?gamecode=212&seasoncode=E2024 "HTTP/1.1 200 OK"
15:49:21 INFO    HTTP Request: GET https://live.euroleague.net/api/Points?gamecode=212&seasoncode=E2024 "HTTP/1.1 200 OK"
15:49:26 INFO    HTTP Request: GET https://api-live.euroleague.net/v2/competitions/E/seasons/E2024/games/213/stats "HTTP/1.1 200 OK"
15:49:30 INFO    HTTP Request: GET https://live.euroleague.net/api/PlayByPlay?gamecode=213&seasoncode=E2024 "HTTP/1.1 200 OK"
15:49:34 INFO    HTTP Request: GET https://live.euroleague.net/api/Points?gamecode=213&seasoncode=E2024 "HTTP/1.1 200 OK"
15:49:38 INFO    HTTP Request: GET https://api-live.euroleague.net/v2/competitions/E/seasons/E2024/games/214/stats "HTTP/1.1 200 OK"
15:49:42 INFO    HTTP Request: GET https://live.euroleague.net/api/PlayByPlay?gamecode=214&seasoncode=E2024 "HTTP/1.1 200 OK"
15:49:46 INFO    HTTP Request: GET https://live.euroleague.net/api/Points?gamecode=214&seasoncode=E2024 "HTTP/1.1 200 OK"
15:49:49 INFO    HTTP Request: GET https://api-live.euroleague.net/v2/competitions/E/seasons/E2024/games/215/stats "HTTP/1.1 200 OK"
15:49:54 INFO    HTTP Request: GET https://live.euroleague.net/api/PlayByPlay?gamecode=215&seasoncode=E2024 "HTTP/1.1 200 OK"
15:49:58 INFO    HTTP Request: GET https://live.euroleague.net/api/Points?gamecode=215&seasoncode=E2024 "HTTP/1.1 200 OK"
15:50:01 INFO    HTTP Request: GET https://api-live.euroleague.net/v2/competitions/E/seasons/E2024/games/216/stats "HTTP/1.1 200 OK"
15:50:06 INFO    HTTP Request: GET https://live.euroleague.net/api/PlayByPlay?gamecode=216&seasoncode=E2024 "HTTP/1.1 200 OK"
15:50:09 INFO    HTTP Request: GET https://live.euroleague.net/api/Points?gamecode=216&seasoncode=E2024 "HTTP/1.1 200 OK"
15:50:13 INFO    HTTP Request: GET https://api-live.euroleague.net/v2/competitions/E/seasons/E2024/games/217/stats "HTTP/1.1 200 OK"
15:50:18 INFO    HTTP Request: GET https://live.euroleague.net/api/PlayByPlay?gamecode=217&seasoncode=E2024 "HTTP/1.1 200 OK"
15:50:22 INFO    HTTP Request: GET https://live.euroleague.net/api/Points?gamecode=217&seasoncode=E2024 "HTTP/1.1 200 OK"
15:50:25 INFO    HTTP Request: GET https://api-live.euroleague.net/v2/competitions/E/seasons/E2024/games/218/stats "HTTP/1.1 200 OK"
15:50:30 INFO    HTTP Request: GET https://live.euroleague.net/api/PlayByPlay?gamecode=218&seasoncode=E2024 "HTTP/1.1 200 OK"
15:50:34 INFO    HTTP Request: GET https://live.euroleague.net/api/Points?gamecode=218&seasoncode=E2024 "HTTP/1.1 200 OK"
15:50:38 INFO    HTTP Request: GET https://api-live.euroleague.net/v2/competitions/E/seasons/E2024/games/219/stats "HTTP/1.1 200 OK"
15:50:42 INFO    HTTP Request: GET https://live.euroleague.net/api/PlayByPlay?gamecode=219&seasoncode=E2024 "HTTP/1.1 200 OK"
15:50:46 INFO    HTTP Request: GET https://live.euroleague.net/api/Points?gamecode=219&seasoncode=E2024 "HTTP/1.1 200 OK"
15:50:49 INFO    HTTP Request: GET https://api-live.euroleague.net/v2/competitions/E/seasons/E2024/games/220/stats "HTTP/1.1 200 OK"
15:50:54 INFO    HTTP Request: GET https://live.euroleague.net/api/PlayByPlay?gamecode=220&seasoncode=E2024 "HTTP/1.1 200 OK"
15:50:58 INFO    HTTP Request: GET https://live.euroleague.net/api/Points?gamecode=220&seasoncode=E2024 "HTTP/1.1 200 OK"
15:51:01 INFO    HTTP Request: GET https://api-live.euroleague.net/v2/competitions/E/seasons/E2024/games/221/stats "HTTP/1.1 200 OK"
15:51:06 INFO    HTTP Request: GET https://live.euroleague.net/api/PlayByPlay?gamecode=221&seasoncode=E2024 "HTTP/1.1 200 OK"
15:51:10 INFO    HTTP Request: GET https://live.euroleague.net/api/Points?gamecode=221&seasoncode=E2024 "HTTP/1.1 200 OK"
15:51:13 INFO    HTTP Request: GET https://api-live.euroleague.net/v2/competitions/E/seasons/E2024/games/222/stats "HTTP/1.1 200 OK"
15:51:18 INFO    HTTP Request: GET https://live.euroleague.net/api/PlayByPlay?gamecode=222&seasoncode=E2024 "HTTP/1.1 200 OK"
15:51:22 INFO    HTTP Request: GET https://live.euroleague.net/api/Points?gamecode=222&seasoncode=E2024 "HTTP/1.1 200 OK"
15:51:26 INFO    HTTP Request: GET https://api-live.euroleague.net/v2/competitions/E/seasons/E2024/games/223/stats "HTTP/1.1 200 OK"
15:51:30 INFO    HTTP Request: GET https://live.euroleague.net/api/PlayByPlay?gamecode=223&seasoncode=E2024 "HTTP/1.1 200 OK"
15:51:34 INFO    HTTP Request: GET https://live.euroleague.net/api/Points?gamecode=223&seasoncode=E2024 "HTTP/1.1 200 OK"
15:51:38 INFO    HTTP Request: GET https://api-live.euroleague.net/v2/competitions/E/seasons/E2024/games/224/stats "HTTP/1.1 200 OK"
15:51:42 INFO    HTTP Request: GET https://live.euroleague.net/api/PlayByPlay?gamecode=224&seasoncode=E2024 "HTTP/1.1 200 OK"
15:51:46 INFO    HTTP Request: GET https://live.euroleague.net/api/Points?gamecode=224&seasoncode=E2024 "HTTP/1.1 200 OK"
15:51:50 INFO    HTTP Request: GET https://api-live.euroleague.net/v2/competitions/E/seasons/E2024/games/225/stats "HTTP/1.1 200 OK"
15:51:54 INFO    HTTP Request: GET https://live.euroleague.net/api/PlayByPlay?gamecode=225&seasoncode=E2024 "HTTP/1.1 200 OK"
15:51:58 INFO    HTTP Request: GET https://live.euroleague.net/api/Points?gamecode=225&seasoncode=E2024 "HTTP/1.1 200 OK"
15:51:58 INFO    E2024 225/330 games | 678 requests, 1 cached, 0 rate-limits, 2464.7s slept
15:52:02 INFO    HTTP Request: GET https://api-live.euroleague.net/v2/competitions/E/seasons/E2024/games/226/stats "HTTP/1.1 200 OK"
15:52:06 INFO    HTTP Request: GET https://live.euroleague.net/api/PlayByPlay?gamecode=226&seasoncode=E2024 "HTTP/1.1 200 OK"
15:52:10 INFO    HTTP Request: GET https://live.euroleague.net/api/Points?gamecode=226&seasoncode=E2024 "HTTP/1.1 200 OK"
15:52:14 INFO    HTTP Request: GET https://api-live.euroleague.net/v2/competitions/E/seasons/E2024/games/227/stats "HTTP/1.1 200 OK"
15:52:18 INFO    HTTP Request: GET https://live.euroleague.net/api/PlayByPlay?gamecode=227&seasoncode=E2024 "HTTP/1.1 200 OK"
15:52:22 INFO    HTTP Request: GET https://live.euroleague.net/api/Points?gamecode=227&seasoncode=E2024 "HTTP/1.1 200 OK"
15:52:26 INFO    HTTP Request: GET https://api-live.euroleague.net/v2/competitions/E/seasons/E2024/games/228/stats "HTTP/1.1 200 OK"
15:52:30 INFO    HTTP Request: GET https://live.euroleague.net/api/PlayByPlay?gamecode=228&seasoncode=E2024 "HTTP/1.1 200 OK"
15:52:34 INFO    HTTP Request: GET https://live.euroleague.net/api/Points?gamecode=228&seasoncode=E2024 "HTTP/1.1 200 OK"
15:52:38 INFO    HTTP Request: GET https://api-live.euroleague.net/v2/competitions/E/seasons/E2024/games/229/stats "HTTP/1.1 200 OK"
15:52:42 INFO    HTTP Request: GET https://live.euroleague.net/api/PlayByPlay?gamecode=229&seasoncode=E2024 "HTTP/1.1 200 OK"
15:52:46 INFO    HTTP Request: GET https://live.euroleague.net/api/Points?gamecode=229&seasoncode=E2024 "HTTP/1.1 200 OK"
15:52:50 INFO    HTTP Request: GET https://api-live.euroleague.net/v2/competitions/E/seasons/E2024/games/230/stats "HTTP/1.1 200 OK"
15:52:54 INFO    HTTP Request: GET https://live.euroleague.net/api/PlayByPlay?gamecode=230&seasoncode=E2024 "HTTP/1.1 200 OK"
15:52:58 INFO    HTTP Request: GET https://live.euroleague.net/api/Points?gamecode=230&seasoncode=E2024 "HTTP/1.1 200 OK"
15:53:02 INFO    HTTP Request: GET https://api-live.euroleague.net/v2/competitions/E/seasons/E2024/games/231/stats "HTTP/1.1 200 OK"
15:53:06 INFO    HTTP Request: GET https://live.euroleague.net/api/PlayByPlay?gamecode=231&seasoncode=E2024 "HTTP/1.1 200 OK"
15:53:10 INFO    HTTP Request: GET https://live.euroleague.net/api/Points?gamecode=231&seasoncode=E2024 "HTTP/1.1 200 OK"
15:53:14 INFO    HTTP Request: GET https://api-live.euroleague.net/v2/competitions/E/seasons/E2024/games/232/stats "HTTP/1.1 200 OK"
15:53:18 INFO    HTTP Request: GET https://live.euroleague.net/api/PlayByPlay?gamecode=232&seasoncode=E2024 "HTTP/1.1 200 OK"
15:53:22 INFO    HTTP Request: GET https://live.euroleague.net/api/Points?gamecode=232&seasoncode=E2024 "HTTP/1.1 200 OK"
15:53:26 INFO    HTTP Request: GET https://api-live.euroleague.net/v2/competitions/E/seasons/E2024/games/233/stats "HTTP/1.1 200 OK"
15:53:30 INFO    HTTP Request: GET https://live.euroleague.net/api/PlayByPlay?gamecode=233&seasoncode=E2024 "HTTP/1.1 200 OK"
15:53:34 INFO    HTTP Request: GET https://live.euroleague.net/api/Points?gamecode=233&seasoncode=E2024 "HTTP/1.1 200 OK"
15:53:38 INFO    HTTP Request: GET https://api-live.euroleague.net/v2/competitions/E/seasons/E2024/games/234/stats "HTTP/1.1 200 OK"
15:53:42 INFO    HTTP Request: GET https://live.euroleague.net/api/PlayByPlay?gamecode=234&seasoncode=E2024 "HTTP/1.1 200 OK"
15:53:46 INFO    HTTP Request: GET https://live.euroleague.net/api/Points?gamecode=234&seasoncode=E2024 "HTTP/1.1 200 OK"
15:53:50 INFO    HTTP Request: GET https://api-live.euroleague.net/v2/competitions/E/seasons/E2024/games/235/stats "HTTP/1.1 200 OK"
15:53:54 INFO    HTTP Request: GET https://live.euroleague.net/api/PlayByPlay?gamecode=235&seasoncode=E2024 "HTTP/1.1 200 OK"
15:53:58 INFO    HTTP Request: GET https://live.euroleague.net/api/Points?gamecode=235&seasoncode=E2024 "HTTP/1.1 200 OK"
15:54:02 INFO    HTTP Request: GET https://api-live.euroleague.net/v2/competitions/E/seasons/E2024/games/236/stats "HTTP/1.1 200 OK"
15:54:06 INFO    HTTP Request: GET https://live.euroleague.net/api/PlayByPlay?gamecode=236&seasoncode=E2024 "HTTP/1.1 200 OK"
15:54:10 INFO    HTTP Request: GET https://live.euroleague.net/api/Points?gamecode=236&seasoncode=E2024 "HTTP/1.1 200 OK"
15:54:14 INFO    HTTP Request: GET https://api-live.euroleague.net/v2/competitions/E/seasons/E2024/games/237/stats "HTTP/1.1 200 OK"
15:54:18 INFO    HTTP Request: GET https://live.euroleague.net/api/PlayByPlay?gamecode=237&seasoncode=E2024 "HTTP/1.1 200 OK"
15:54:22 INFO    HTTP Request: GET https://live.euroleague.net/api/Points?gamecode=237&seasoncode=E2024 "HTTP/1.1 200 OK"
15:54:26 INFO    HTTP Request: GET https://api-live.euroleague.net/v2/competitions/E/seasons/E2024/games/238/stats "HTTP/1.1 200 OK"
15:54:30 INFO    HTTP Request: GET https://live.euroleague.net/api/PlayByPlay?gamecode=238&seasoncode=E2024 "HTTP/1.1 200 OK"
15:54:34 INFO    HTTP Request: GET https://live.euroleague.net/api/Points?gamecode=238&seasoncode=E2024 "HTTP/1.1 200 OK"
15:54:38 INFO    HTTP Request: GET https://api-live.euroleague.net/v2/competitions/E/seasons/E2024/games/239/stats "HTTP/1.1 200 OK"
15:54:42 INFO    HTTP Request: GET https://live.euroleague.net/api/PlayByPlay?gamecode=239&seasoncode=E2024 "HTTP/1.1 200 OK"
15:54:46 INFO    HTTP Request: GET https://live.euroleague.net/api/Points?gamecode=239&seasoncode=E2024 "HTTP/1.1 200 OK"
15:54:50 INFO    HTTP Request: GET https://api-live.euroleague.net/v2/competitions/E/seasons/E2024/games/240/stats "HTTP/1.1 200 OK"
15:54:54 INFO    HTTP Request: GET https://live.euroleague.net/api/PlayByPlay?gamecode=240&seasoncode=E2024 "HTTP/1.1 200 OK"
15:54:58 INFO    HTTP Request: GET https://live.euroleague.net/api/Points?gamecode=240&seasoncode=E2024 "HTTP/1.1 200 OK"
15:55:02 INFO    HTTP Request: GET https://api-live.euroleague.net/v2/competitions/E/seasons/E2024/games/241/stats "HTTP/1.1 200 OK"
15:55:06 INFO    HTTP Request: GET https://live.euroleague.net/api/PlayByPlay?gamecode=241&seasoncode=E2024 "HTTP/1.1 200 OK"
15:55:10 INFO    HTTP Request: GET https://live.euroleague.net/api/Points?gamecode=241&seasoncode=E2024 "HTTP/1.1 200 OK"
15:55:14 INFO    HTTP Request: GET https://api-live.euroleague.net/v2/competitions/E/seasons/E2024/games/242/stats "HTTP/1.1 200 OK"
15:55:18 INFO    HTTP Request: GET https://live.euroleague.net/api/PlayByPlay?gamecode=242&seasoncode=E2024 "HTTP/1.1 200 OK"
15:55:22 INFO    HTTP Request: GET https://live.euroleague.net/api/Points?gamecode=242&seasoncode=E2024 "HTTP/1.1 200 OK"
15:55:26 INFO    HTTP Request: GET https://api-live.euroleague.net/v2/competitions/E/seasons/E2024/games/243/stats "HTTP/1.1 200 OK"
15:55:30 INFO    HTTP Request: GET https://live.euroleague.net/api/PlayByPlay?gamecode=243&seasoncode=E2024 "HTTP/1.1 200 OK"
15:55:34 INFO    HTTP Request: GET https://live.euroleague.net/api/Points?gamecode=243&seasoncode=E2024 "HTTP/1.1 200 OK"
15:55:38 INFO    HTTP Request: GET https://api-live.euroleague.net/v2/competitions/E/seasons/E2024/games/244/stats "HTTP/1.1 200 OK"
15:55:42 INFO    HTTP Request: GET https://live.euroleague.net/api/PlayByPlay?gamecode=244&seasoncode=E2024 "HTTP/1.1 200 OK"
15:55:46 INFO    HTTP Request: GET https://live.euroleague.net/api/Points?gamecode=244&seasoncode=E2024 "HTTP/1.1 200 OK"
15:55:50 INFO    HTTP Request: GET https://api-live.euroleague.net/v2/competitions/E/seasons/E2024/games/245/stats "HTTP/1.1 200 OK"
15:55:54 INFO    HTTP Request: GET https://live.euroleague.net/api/PlayByPlay?gamecode=245&seasoncode=E2024 "HTTP/1.1 200 OK"
15:55:58 INFO    HTTP Request: GET https://live.euroleague.net/api/Points?gamecode=245&seasoncode=E2024 "HTTP/1.1 200 OK"
15:56:02 INFO    HTTP Request: GET https://api-live.euroleague.net/v2/competitions/E/seasons/E2024/games/246/stats "HTTP/1.1 200 OK"
15:56:06 INFO    HTTP Request: GET https://live.euroleague.net/api/PlayByPlay?gamecode=246&seasoncode=E2024 "HTTP/1.1 200 OK"
15:56:10 INFO    HTTP Request: GET https://live.euroleague.net/api/Points?gamecode=246&seasoncode=E2024 "HTTP/1.1 200 OK"
15:56:14 INFO    HTTP Request: GET https://api-live.euroleague.net/v2/competitions/E/seasons/E2024/games/247/stats "HTTP/1.1 200 OK"
15:56:18 INFO    HTTP Request: GET https://live.euroleague.net/api/PlayByPlay?gamecode=247&seasoncode=E2024 "HTTP/1.1 200 OK"
15:56:22 INFO    HTTP Request: GET https://live.euroleague.net/api/Points?gamecode=247&seasoncode=E2024 "HTTP/1.1 200 OK"
15:56:26 INFO    HTTP Request: GET https://api-live.euroleague.net/v2/competitions/E/seasons/E2024/games/248/stats "HTTP/1.1 200 OK"
15:56:30 INFO    HTTP Request: GET https://live.euroleague.net/api/PlayByPlay?gamecode=248&seasoncode=E2024 "HTTP/1.1 200 OK"
15:56:34 INFO    HTTP Request: GET https://live.euroleague.net/api/Points?gamecode=248&seasoncode=E2024 "HTTP/1.1 200 OK"
15:56:38 INFO    HTTP Request: GET https://api-live.euroleague.net/v2/competitions/E/seasons/E2024/games/249/stats "HTTP/1.1 200 OK"
15:56:42 INFO    HTTP Request: GET https://live.euroleague.net/api/PlayByPlay?gamecode=249&seasoncode=E2024 "HTTP/1.1 200 OK"
15:56:46 INFO    HTTP Request: GET https://live.euroleague.net/api/Points?gamecode=249&seasoncode=E2024 "HTTP/1.1 200 OK"
15:56:50 INFO    HTTP Request: GET https://api-live.euroleague.net/v2/competitions/E/seasons/E2024/games/250/stats "HTTP/1.1 200 OK"
15:56:55 INFO    HTTP Request: GET https://live.euroleague.net/api/PlayByPlay?gamecode=250&seasoncode=E2024 "HTTP/1.1 200 OK"
15:56:58 INFO    HTTP Request: GET https://live.euroleague.net/api/Points?gamecode=250&seasoncode=E2024 "HTTP/1.1 200 OK"
15:56:58 INFO    E2024 250/330 games | 753 requests, 1 cached, 0 rate-limits, 2715.9s slept
15:57:02 INFO    HTTP Request: GET https://api-live.euroleague.net/v2/competitions/E/seasons/E2024/games/251/stats "HTTP/1.1 200 OK"
15:57:06 INFO    HTTP Request: GET https://live.euroleague.net/api/PlayByPlay?gamecode=251&seasoncode=E2024 "HTTP/1.1 200 OK"
15:57:10 INFO    HTTP Request: GET https://live.euroleague.net/api/Points?gamecode=251&seasoncode=E2024 "HTTP/1.1 200 OK"
15:57:14 INFO    HTTP Request: GET https://api-live.euroleague.net/v2/competitions/E/seasons/E2024/games/252/stats "HTTP/1.1 200 OK"
15:57:19 INFO    HTTP Request: GET https://live.euroleague.net/api/PlayByPlay?gamecode=252&seasoncode=E2024 "HTTP/1.1 200 OK"
15:57:22 INFO    HTTP Request: GET https://live.euroleague.net/api/Points?gamecode=252&seasoncode=E2024 "HTTP/1.1 200 OK"
15:57:26 INFO    HTTP Request: GET https://api-live.euroleague.net/v2/competitions/E/seasons/E2024/games/253/stats "HTTP/1.1 200 OK"
15:57:31 INFO    HTTP Request: GET https://live.euroleague.net/api/PlayByPlay?gamecode=253&seasoncode=E2024 "HTTP/1.1 200 OK"
15:57:34 INFO    HTTP Request: GET https://live.euroleague.net/api/Points?gamecode=253&seasoncode=E2024 "HTTP/1.1 200 OK"
15:57:38 INFO    HTTP Request: GET https://api-live.euroleague.net/v2/competitions/E/seasons/E2024/games/254/stats "HTTP/1.1 200 OK"
15:57:42 INFO    HTTP Request: GET https://live.euroleague.net/api/PlayByPlay?gamecode=254&seasoncode=E2024 "HTTP/1.1 200 OK"
15:57:46 INFO    HTTP Request: GET https://live.euroleague.net/api/Points?gamecode=254&seasoncode=E2024 "HTTP/1.1 200 OK"
15:57:50 INFO    HTTP Request: GET https://api-live.euroleague.net/v2/competitions/E/seasons/E2024/games/255/stats "HTTP/1.1 200 OK"
15:57:55 INFO    HTTP Request: GET https://live.euroleague.net/api/PlayByPlay?gamecode=255&seasoncode=E2024 "HTTP/1.1 200 OK"
15:57:58 INFO    HTTP Request: GET https://live.euroleague.net/api/Points?gamecode=255&seasoncode=E2024 "HTTP/1.1 200 OK"
15:58:02 INFO    HTTP Request: GET https://api-live.euroleague.net/v2/competitions/E/seasons/E2024/games/256/stats "HTTP/1.1 200 OK"
15:58:07 INFO    HTTP Request: GET https://live.euroleague.net/api/PlayByPlay?gamecode=256&seasoncode=E2024 "HTTP/1.1 200 OK"
15:58:10 INFO    HTTP Request: GET https://live.euroleague.net/api/Points?gamecode=256&seasoncode=E2024 "HTTP/1.1 200 OK"
15:58:14 INFO    HTTP Request: GET https://api-live.euroleague.net/v2/competitions/E/seasons/E2024/games/257/stats "HTTP/1.1 200 OK"
15:58:19 INFO    HTTP Request: GET https://live.euroleague.net/api/PlayByPlay?gamecode=257&seasoncode=E2024 "HTTP/1.1 200 OK"
15:58:23 INFO    HTTP Request: GET https://live.euroleague.net/api/Points?gamecode=257&seasoncode=E2024 "HTTP/1.1 200 OK"
15:58:26 INFO    HTTP Request: GET https://api-live.euroleague.net/v2/competitions/E/seasons/E2024/games/258/stats "HTTP/1.1 200 OK"
15:58:31 INFO    HTTP Request: GET https://live.euroleague.net/api/PlayByPlay?gamecode=258&seasoncode=E2024 "HTTP/1.1 200 OK"
15:58:34 INFO    HTTP Request: GET https://live.euroleague.net/api/Points?gamecode=258&seasoncode=E2024 "HTTP/1.1 200 OK"
15:58:38 INFO    HTTP Request: GET https://api-live.euroleague.net/v2/competitions/E/seasons/E2024/games/259/stats "HTTP/1.1 200 OK"
15:58:43 INFO    HTTP Request: GET https://live.euroleague.net/api/PlayByPlay?gamecode=259&seasoncode=E2024 "HTTP/1.1 200 OK"
15:58:46 INFO    HTTP Request: GET https://live.euroleague.net/api/Points?gamecode=259&seasoncode=E2024 "HTTP/1.1 200 OK"
15:58:50 INFO    HTTP Request: GET https://api-live.euroleague.net/v2/competitions/E/seasons/E2024/games/260/stats "HTTP/1.1 200 OK"
15:58:55 INFO    HTTP Request: GET https://live.euroleague.net/api/PlayByPlay?gamecode=260&seasoncode=E2024 "HTTP/1.1 200 OK"
15:58:59 INFO    HTTP Request: GET https://live.euroleague.net/api/Points?gamecode=260&seasoncode=E2024 "HTTP/1.1 200 OK"
15:59:02 INFO    HTTP Request: GET https://api-live.euroleague.net/v2/competitions/E/seasons/E2024/games/261/stats "HTTP/1.1 200 OK"
15:59:07 INFO    HTTP Request: GET https://live.euroleague.net/api/PlayByPlay?gamecode=261&seasoncode=E2024 "HTTP/1.1 200 OK"
15:59:11 INFO    HTTP Request: GET https://live.euroleague.net/api/Points?gamecode=261&seasoncode=E2024 "HTTP/1.1 200 OK"
15:59:15 INFO    HTTP Request: GET https://api-live.euroleague.net/v2/competitions/E/seasons/E2024/games/262/stats "HTTP/1.1 200 OK"
15:59:19 INFO    HTTP Request: GET https://live.euroleague.net/api/PlayByPlay?gamecode=262&seasoncode=E2024 "HTTP/1.1 200 OK"
15:59:23 INFO    HTTP Request: GET https://live.euroleague.net/api/Points?gamecode=262&seasoncode=E2024 "HTTP/1.1 200 OK"
15:59:26 INFO    HTTP Request: GET https://api-live.euroleague.net/v2/competitions/E/seasons/E2024/games/263/stats "HTTP/1.1 200 OK"
15:59:31 INFO    HTTP Request: GET https://live.euroleague.net/api/PlayByPlay?gamecode=263&seasoncode=E2024 "HTTP/1.1 200 OK"
15:59:35 INFO    HTTP Request: GET https://live.euroleague.net/api/Points?gamecode=263&seasoncode=E2024 "HTTP/1.1 200 OK"
15:59:38 INFO    HTTP Request: GET https://api-live.euroleague.net/v2/competitions/E/seasons/E2024/games/264/stats "HTTP/1.1 200 OK"
15:59:43 INFO    HTTP Request: GET https://live.euroleague.net/api/PlayByPlay?gamecode=264&seasoncode=E2024 "HTTP/1.1 200 OK"
15:59:46 INFO    HTTP Request: GET https://live.euroleague.net/api/Points?gamecode=264&seasoncode=E2024 "HTTP/1.1 200 OK"
15:59:50 INFO    HTTP Request: GET https://api-live.euroleague.net/v2/competitions/E/seasons/E2024/games/265/stats "HTTP/1.1 200 OK"
15:59:55 INFO    HTTP Request: GET https://live.euroleague.net/api/PlayByPlay?gamecode=265&seasoncode=E2024 "HTTP/1.1 200 OK"
15:59:59 INFO    HTTP Request: GET https://live.euroleague.net/api/Points?gamecode=265&seasoncode=E2024 "HTTP/1.1 200 OK"
16:00:03 INFO    HTTP Request: GET https://api-live.euroleague.net/v2/competitions/E/seasons/E2024/games/266/stats "HTTP/1.1 200 OK"
16:00:07 INFO    HTTP Request: GET https://live.euroleague.net/api/PlayByPlay?gamecode=266&seasoncode=E2024 "HTTP/1.1 200 OK"
16:00:11 INFO    HTTP Request: GET https://live.euroleague.net/api/Points?gamecode=266&seasoncode=E2024 "HTTP/1.1 200 OK"
16:00:15 INFO    HTTP Request: GET https://api-live.euroleague.net/v2/competitions/E/seasons/E2024/games/267/stats "HTTP/1.1 200 OK"
16:00:19 INFO    HTTP Request: GET https://live.euroleague.net/api/PlayByPlay?gamecode=267&seasoncode=E2024 "HTTP/1.1 200 OK"
16:00:23 INFO    HTTP Request: GET https://live.euroleague.net/api/Points?gamecode=267&seasoncode=E2024 "HTTP/1.1 200 OK"
16:00:27 INFO    HTTP Request: GET https://api-live.euroleague.net/v2/competitions/E/seasons/E2024/games/268/stats "HTTP/1.1 200 OK"
16:00:31 INFO    HTTP Request: GET https://live.euroleague.net/api/PlayByPlay?gamecode=268&seasoncode=E2024 "HTTP/1.1 200 OK"
16:00:35 INFO    HTTP Request: GET https://live.euroleague.net/api/Points?gamecode=268&seasoncode=E2024 "HTTP/1.1 200 OK"
16:00:38 INFO    HTTP Request: GET https://api-live.euroleague.net/v2/competitions/E/seasons/E2024/games/269/stats "HTTP/1.1 200 OK"
16:00:43 INFO    HTTP Request: GET https://live.euroleague.net/api/PlayByPlay?gamecode=269&seasoncode=E2024 "HTTP/1.1 200 OK"
16:00:47 INFO    HTTP Request: GET https://live.euroleague.net/api/Points?gamecode=269&seasoncode=E2024 "HTTP/1.1 200 OK"
16:00:51 INFO    HTTP Request: GET https://api-live.euroleague.net/v2/competitions/E/seasons/E2024/games/270/stats "HTTP/1.1 200 OK"
16:00:55 INFO    HTTP Request: GET https://live.euroleague.net/api/PlayByPlay?gamecode=270&seasoncode=E2024 "HTTP/1.1 200 OK"
16:00:59 INFO    HTTP Request: GET https://live.euroleague.net/api/Points?gamecode=270&seasoncode=E2024 "HTTP/1.1 200 OK"
16:01:03 INFO    HTTP Request: GET https://api-live.euroleague.net/v2/competitions/E/seasons/E2024/games/271/stats "HTTP/1.1 200 OK"
16:01:07 INFO    HTTP Request: GET https://live.euroleague.net/api/PlayByPlay?gamecode=271&seasoncode=E2024 "HTTP/1.1 200 OK"
16:01:11 INFO    HTTP Request: GET https://live.euroleague.net/api/Points?gamecode=271&seasoncode=E2024 "HTTP/1.1 200 OK"
16:01:15 INFO    HTTP Request: GET https://api-live.euroleague.net/v2/competitions/E/seasons/E2024/games/272/stats "HTTP/1.1 200 OK"
16:01:19 INFO    HTTP Request: GET https://live.euroleague.net/api/PlayByPlay?gamecode=272&seasoncode=E2024 "HTTP/1.1 200 OK"
16:01:23 INFO    HTTP Request: GET https://live.euroleague.net/api/Points?gamecode=272&seasoncode=E2024 "HTTP/1.1 200 OK"
16:01:27 INFO    HTTP Request: GET https://api-live.euroleague.net/v2/competitions/E/seasons/E2024/games/273/stats "HTTP/1.1 200 OK"
16:01:31 INFO    HTTP Request: GET https://live.euroleague.net/api/PlayByPlay?gamecode=273&seasoncode=E2024 "HTTP/1.1 200 OK"
16:01:35 INFO    HTTP Request: GET https://live.euroleague.net/api/Points?gamecode=273&seasoncode=E2024 "HTTP/1.1 200 OK"
16:01:39 INFO    HTTP Request: GET https://api-live.euroleague.net/v2/competitions/E/seasons/E2024/games/274/stats "HTTP/1.1 200 OK"
16:01:43 INFO    HTTP Request: GET https://live.euroleague.net/api/PlayByPlay?gamecode=274&seasoncode=E2024 "HTTP/1.1 200 OK"
16:01:47 INFO    HTTP Request: GET https://live.euroleague.net/api/Points?gamecode=274&seasoncode=E2024 "HTTP/1.1 200 OK"
16:01:51 INFO    HTTP Request: GET https://api-live.euroleague.net/v2/competitions/E/seasons/E2024/games/275/stats "HTTP/1.1 200 OK"
16:01:55 INFO    HTTP Request: GET https://live.euroleague.net/api/PlayByPlay?gamecode=275&seasoncode=E2024 "HTTP/1.1 200 OK"
16:01:59 INFO    HTTP Request: GET https://live.euroleague.net/api/Points?gamecode=275&seasoncode=E2024 "HTTP/1.1 200 OK"
16:01:59 INFO    E2024 275/330 games | 828 requests, 1 cached, 0 rate-limits, 2966.7s slept
16:02:03 INFO    HTTP Request: GET https://api-live.euroleague.net/v2/competitions/E/seasons/E2024/games/276/stats "HTTP/1.1 200 OK"
16:02:07 INFO    HTTP Request: GET https://live.euroleague.net/api/PlayByPlay?gamecode=276&seasoncode=E2024 "HTTP/1.1 200 OK"
16:02:11 INFO    HTTP Request: GET https://live.euroleague.net/api/Points?gamecode=276&seasoncode=E2024 "HTTP/1.1 200 OK"
16:02:15 INFO    HTTP Request: GET https://api-live.euroleague.net/v2/competitions/E/seasons/E2024/games/277/stats "HTTP/1.1 200 OK"
16:02:19 INFO    HTTP Request: GET https://live.euroleague.net/api/PlayByPlay?gamecode=277&seasoncode=E2024 "HTTP/1.1 200 OK"
16:02:23 INFO    HTTP Request: GET https://live.euroleague.net/api/Points?gamecode=277&seasoncode=E2024 "HTTP/1.1 200 OK"
16:02:27 INFO    HTTP Request: GET https://api-live.euroleague.net/v2/competitions/E/seasons/E2024/games/278/stats "HTTP/1.1 200 OK"
16:02:31 INFO    HTTP Request: GET https://live.euroleague.net/api/PlayByPlay?gamecode=278&seasoncode=E2024 "HTTP/1.1 200 OK"
16:02:35 INFO    HTTP Request: GET https://live.euroleague.net/api/Points?gamecode=278&seasoncode=E2024 "HTTP/1.1 200 OK"
16:02:39 INFO    HTTP Request: GET https://api-live.euroleague.net/v2/competitions/E/seasons/E2024/games/279/stats "HTTP/1.1 200 OK"
16:02:43 INFO    HTTP Request: GET https://live.euroleague.net/api/PlayByPlay?gamecode=279&seasoncode=E2024 "HTTP/1.1 200 OK"
16:02:47 INFO    HTTP Request: GET https://live.euroleague.net/api/Points?gamecode=279&seasoncode=E2024 "HTTP/1.1 200 OK"
16:02:51 INFO    HTTP Request: GET https://api-live.euroleague.net/v2/competitions/E/seasons/E2024/games/280/stats "HTTP/1.1 200 OK"
16:02:55 INFO    HTTP Request: GET https://live.euroleague.net/api/PlayByPlay?gamecode=280&seasoncode=E2024 "HTTP/1.1 200 OK"
16:02:59 INFO    HTTP Request: GET https://live.euroleague.net/api/Points?gamecode=280&seasoncode=E2024 "HTTP/1.1 200 OK"
16:03:03 INFO    HTTP Request: GET https://api-live.euroleague.net/v2/competitions/E/seasons/E2024/games/281/stats "HTTP/1.1 200 OK"
16:03:07 INFO    HTTP Request: GET https://live.euroleague.net/api/PlayByPlay?gamecode=281&seasoncode=E2024 "HTTP/1.1 200 OK"
16:03:11 INFO    HTTP Request: GET https://live.euroleague.net/api/Points?gamecode=281&seasoncode=E2024 "HTTP/1.1 200 OK"
16:03:15 INFO    HTTP Request: GET https://api-live.euroleague.net/v2/competitions/E/seasons/E2024/games/282/stats "HTTP/1.1 200 OK"
16:03:19 INFO    HTTP Request: GET https://live.euroleague.net/api/PlayByPlay?gamecode=282&seasoncode=E2024 "HTTP/1.1 200 OK"
16:03:23 INFO    HTTP Request: GET https://live.euroleague.net/api/Points?gamecode=282&seasoncode=E2024 "HTTP/1.1 200 OK"
16:03:27 INFO    HTTP Request: GET https://api-live.euroleague.net/v2/competitions/E/seasons/E2024/games/283/stats "HTTP/1.1 200 OK"
16:03:31 INFO    HTTP Request: GET https://live.euroleague.net/api/PlayByPlay?gamecode=283&seasoncode=E2024 "HTTP/1.1 200 OK"
16:03:35 INFO    HTTP Request: GET https://live.euroleague.net/api/Points?gamecode=283&seasoncode=E2024 "HTTP/1.1 200 OK"
16:03:39 INFO    HTTP Request: GET https://api-live.euroleague.net/v2/competitions/E/seasons/E2024/games/284/stats "HTTP/1.1 200 OK"
16:03:43 INFO    HTTP Request: GET https://live.euroleague.net/api/PlayByPlay?gamecode=284&seasoncode=E2024 "HTTP/1.1 200 OK"
16:03:47 INFO    HTTP Request: GET https://live.euroleague.net/api/Points?gamecode=284&seasoncode=E2024 "HTTP/1.1 200 OK"
16:03:51 INFO    HTTP Request: GET https://api-live.euroleague.net/v2/competitions/E/seasons/E2024/games/285/stats "HTTP/1.1 200 OK"
16:03:55 INFO    HTTP Request: GET https://live.euroleague.net/api/PlayByPlay?gamecode=285&seasoncode=E2024 "HTTP/1.1 200 OK"
16:03:59 INFO    HTTP Request: GET https://live.euroleague.net/api/Points?gamecode=285&seasoncode=E2024 "HTTP/1.1 200 OK"
16:04:03 INFO    HTTP Request: GET https://api-live.euroleague.net/v2/competitions/E/seasons/E2024/games/286/stats "HTTP/1.1 200 OK"
16:04:07 INFO    HTTP Request: GET https://live.euroleague.net/api/PlayByPlay?gamecode=286&seasoncode=E2024 "HTTP/1.1 200 OK"
16:04:11 INFO    HTTP Request: GET https://live.euroleague.net/api/Points?gamecode=286&seasoncode=E2024 "HTTP/1.1 200 OK"
16:04:15 INFO    HTTP Request: GET https://api-live.euroleague.net/v2/competitions/E/seasons/E2024/games/287/stats "HTTP/1.1 200 OK"
16:04:19 INFO    HTTP Request: GET https://live.euroleague.net/api/PlayByPlay?gamecode=287&seasoncode=E2024 "HTTP/1.1 200 OK"
16:04:23 INFO    HTTP Request: GET https://live.euroleague.net/api/Points?gamecode=287&seasoncode=E2024 "HTTP/1.1 200 OK"
16:04:27 INFO    HTTP Request: GET https://api-live.euroleague.net/v2/competitions/E/seasons/E2024/games/288/stats "HTTP/1.1 200 OK"
16:04:31 INFO    HTTP Request: GET https://live.euroleague.net/api/PlayByPlay?gamecode=288&seasoncode=E2024 "HTTP/1.1 200 OK"
16:04:35 INFO    HTTP Request: GET https://live.euroleague.net/api/Points?gamecode=288&seasoncode=E2024 "HTTP/1.1 200 OK"
16:04:39 INFO    HTTP Request: GET https://api-live.euroleague.net/v2/competitions/E/seasons/E2024/games/289/stats "HTTP/1.1 200 OK"
16:04:43 INFO    HTTP Request: GET https://live.euroleague.net/api/PlayByPlay?gamecode=289&seasoncode=E2024 "HTTP/1.1 200 OK"
16:04:47 INFO    HTTP Request: GET https://live.euroleague.net/api/Points?gamecode=289&seasoncode=E2024 "HTTP/1.1 200 OK"
16:04:51 INFO    HTTP Request: GET https://api-live.euroleague.net/v2/competitions/E/seasons/E2024/games/290/stats "HTTP/1.1 200 OK"
16:04:55 INFO    HTTP Request: GET https://live.euroleague.net/api/PlayByPlay?gamecode=290&seasoncode=E2024 "HTTP/1.1 200 OK"
16:04:59 INFO    HTTP Request: GET https://live.euroleague.net/api/Points?gamecode=290&seasoncode=E2024 "HTTP/1.1 200 OK"
16:05:03 INFO    HTTP Request: GET https://api-live.euroleague.net/v2/competitions/E/seasons/E2024/games/291/stats "HTTP/1.1 200 OK"
16:05:07 INFO    HTTP Request: GET https://live.euroleague.net/api/PlayByPlay?gamecode=291&seasoncode=E2024 "HTTP/1.1 200 OK"
16:05:11 INFO    HTTP Request: GET https://live.euroleague.net/api/Points?gamecode=291&seasoncode=E2024 "HTTP/1.1 200 OK"
16:05:15 INFO    HTTP Request: GET https://api-live.euroleague.net/v2/competitions/E/seasons/E2024/games/292/stats "HTTP/1.1 200 OK"
16:05:19 INFO    HTTP Request: GET https://live.euroleague.net/api/PlayByPlay?gamecode=292&seasoncode=E2024 "HTTP/1.1 200 OK"
16:05:23 INFO    HTTP Request: GET https://live.euroleague.net/api/Points?gamecode=292&seasoncode=E2024 "HTTP/1.1 200 OK"
16:05:27 INFO    HTTP Request: GET https://api-live.euroleague.net/v2/competitions/E/seasons/E2024/games/293/stats "HTTP/1.1 200 OK"
16:05:31 INFO    HTTP Request: GET https://live.euroleague.net/api/PlayByPlay?gamecode=293&seasoncode=E2024 "HTTP/1.1 200 OK"
16:05:35 INFO    HTTP Request: GET https://live.euroleague.net/api/Points?gamecode=293&seasoncode=E2024 "HTTP/1.1 200 OK"
16:05:39 INFO    HTTP Request: GET https://api-live.euroleague.net/v2/competitions/E/seasons/E2024/games/294/stats "HTTP/1.1 200 OK"
16:05:43 INFO    HTTP Request: GET https://live.euroleague.net/api/PlayByPlay?gamecode=294&seasoncode=E2024 "HTTP/1.1 200 OK"
16:05:47 INFO    HTTP Request: GET https://live.euroleague.net/api/Points?gamecode=294&seasoncode=E2024 "HTTP/1.1 200 OK"
16:05:51 INFO    HTTP Request: GET https://api-live.euroleague.net/v2/competitions/E/seasons/E2024/games/295/stats "HTTP/1.1 200 OK"
16:05:55 INFO    HTTP Request: GET https://live.euroleague.net/api/PlayByPlay?gamecode=295&seasoncode=E2024 "HTTP/1.1 200 OK"
16:05:59 INFO    HTTP Request: GET https://live.euroleague.net/api/Points?gamecode=295&seasoncode=E2024 "HTTP/1.1 200 OK"
16:06:03 INFO    HTTP Request: GET https://api-live.euroleague.net/v2/competitions/E/seasons/E2024/games/296/stats "HTTP/1.1 200 OK"
16:06:07 INFO    HTTP Request: GET https://live.euroleague.net/api/PlayByPlay?gamecode=296&seasoncode=E2024 "HTTP/1.1 200 OK"
16:06:11 INFO    HTTP Request: GET https://live.euroleague.net/api/Points?gamecode=296&seasoncode=E2024 "HTTP/1.1 200 OK"
16:06:15 INFO    HTTP Request: GET https://api-live.euroleague.net/v2/competitions/E/seasons/E2024/games/297/stats "HTTP/1.1 200 OK"
16:06:19 INFO    HTTP Request: GET https://live.euroleague.net/api/PlayByPlay?gamecode=297&seasoncode=E2024 "HTTP/1.1 200 OK"
16:06:23 INFO    HTTP Request: GET https://live.euroleague.net/api/Points?gamecode=297&seasoncode=E2024 "HTTP/1.1 200 OK"
16:06:27 INFO    HTTP Request: GET https://api-live.euroleague.net/v2/competitions/E/seasons/E2024/games/298/stats "HTTP/1.1 200 OK"
16:06:31 INFO    HTTP Request: GET https://live.euroleague.net/api/PlayByPlay?gamecode=298&seasoncode=E2024 "HTTP/1.1 200 OK"
16:06:35 INFO    HTTP Request: GET https://live.euroleague.net/api/Points?gamecode=298&seasoncode=E2024 "HTTP/1.1 200 OK"
16:06:39 INFO    HTTP Request: GET https://api-live.euroleague.net/v2/competitions/E/seasons/E2024/games/299/stats "HTTP/1.1 200 OK"
16:06:43 INFO    HTTP Request: GET https://live.euroleague.net/api/PlayByPlay?gamecode=299&seasoncode=E2024 "HTTP/1.1 200 OK"
16:06:47 INFO    HTTP Request: GET https://live.euroleague.net/api/Points?gamecode=299&seasoncode=E2024 "HTTP/1.1 200 OK"
16:06:51 INFO    HTTP Request: GET https://api-live.euroleague.net/v2/competitions/E/seasons/E2024/games/300/stats "HTTP/1.1 200 OK"
16:06:55 INFO    HTTP Request: GET https://live.euroleague.net/api/PlayByPlay?gamecode=300&seasoncode=E2024 "HTTP/1.1 200 OK"
16:06:59 INFO    HTTP Request: GET https://live.euroleague.net/api/Points?gamecode=300&seasoncode=E2024 "HTTP/1.1 200 OK"
16:06:59 INFO    E2024 300/330 games | 903 requests, 1 cached, 0 rate-limits, 3218.8s slept
16:07:03 INFO    HTTP Request: GET https://api-live.euroleague.net/v2/competitions/E/seasons/E2024/games/301/stats "HTTP/1.1 200 OK"
16:07:07 INFO    HTTP Request: GET https://live.euroleague.net/api/PlayByPlay?gamecode=301&seasoncode=E2024 "HTTP/1.1 200 OK"
16:07:11 INFO    HTTP Request: GET https://live.euroleague.net/api/Points?gamecode=301&seasoncode=E2024 "HTTP/1.1 200 OK"
16:07:15 INFO    HTTP Request: GET https://api-live.euroleague.net/v2/competitions/E/seasons/E2024/games/302/stats "HTTP/1.1 200 OK"
16:07:20 INFO    HTTP Request: GET https://live.euroleague.net/api/PlayByPlay?gamecode=302&seasoncode=E2024 "HTTP/1.1 200 OK"
16:07:23 INFO    HTTP Request: GET https://live.euroleague.net/api/Points?gamecode=302&seasoncode=E2024 "HTTP/1.1 200 OK"
16:07:27 INFO    HTTP Request: GET https://api-live.euroleague.net/v2/competitions/E/seasons/E2024/games/303/stats "HTTP/1.1 200 OK"
16:07:31 INFO    HTTP Request: GET https://live.euroleague.net/api/PlayByPlay?gamecode=303&seasoncode=E2024 "HTTP/1.1 200 OK"
16:07:35 INFO    HTTP Request: GET https://live.euroleague.net/api/Points?gamecode=303&seasoncode=E2024 "HTTP/1.1 200 OK"
16:07:39 INFO    HTTP Request: GET https://api-live.euroleague.net/v2/competitions/E/seasons/E2024/games/304/stats "HTTP/1.1 200 OK"
16:07:44 INFO    HTTP Request: GET https://live.euroleague.net/api/PlayByPlay?gamecode=304&seasoncode=E2024 "HTTP/1.1 200 OK"
16:07:47 INFO    HTTP Request: GET https://live.euroleague.net/api/Points?gamecode=304&seasoncode=E2024 "HTTP/1.1 200 OK"
16:07:51 INFO    HTTP Request: GET https://api-live.euroleague.net/v2/competitions/E/seasons/E2024/games/305/stats "HTTP/1.1 200 OK"
16:07:56 INFO    HTTP Request: GET https://live.euroleague.net/api/PlayByPlay?gamecode=305&seasoncode=E2024 "HTTP/1.1 200 OK"
16:07:59 INFO    HTTP Request: GET https://live.euroleague.net/api/Points?gamecode=305&seasoncode=E2024 "HTTP/1.1 200 OK"
16:08:03 INFO    HTTP Request: GET https://api-live.euroleague.net/v2/competitions/E/seasons/E2024/games/306/stats "HTTP/1.1 200 OK"
16:08:08 INFO    HTTP Request: GET https://live.euroleague.net/api/PlayByPlay?gamecode=306&seasoncode=E2024 "HTTP/1.1 200 OK"
16:08:11 INFO    HTTP Request: GET https://live.euroleague.net/api/Points?gamecode=306&seasoncode=E2024 "HTTP/1.1 200 OK"
16:08:15 INFO    HTTP Request: GET https://api-live.euroleague.net/v2/competitions/E/seasons/E2024/games/307/stats "HTTP/1.1 200 OK"
16:08:20 INFO    HTTP Request: GET https://live.euroleague.net/api/PlayByPlay?gamecode=307&seasoncode=E2024 "HTTP/1.1 200 OK"
16:08:23 INFO    HTTP Request: GET https://live.euroleague.net/api/Points?gamecode=307&seasoncode=E2024 "HTTP/1.1 200 OK"
16:08:27 INFO    HTTP Request: GET https://api-live.euroleague.net/v2/competitions/E/seasons/E2024/games/308/stats "HTTP/1.1 200 OK"
16:08:32 INFO    HTTP Request: GET https://live.euroleague.net/api/PlayByPlay?gamecode=308&seasoncode=E2024 "HTTP/1.1 200 OK"
16:08:36 INFO    HTTP Request: GET https://live.euroleague.net/api/Points?gamecode=308&seasoncode=E2024 "HTTP/1.1 200 OK"
16:08:39 INFO    HTTP Request: GET https://api-live.euroleague.net/v2/competitions/E/seasons/E2024/games/309/stats "HTTP/1.1 200 OK"
16:08:43 INFO    HTTP Request: GET https://live.euroleague.net/api/PlayByPlay?gamecode=309&seasoncode=E2024 "HTTP/1.1 200 OK"
16:08:47 INFO    HTTP Request: GET https://live.euroleague.net/api/Points?gamecode=309&seasoncode=E2024 "HTTP/1.1 200 OK"
16:08:51 INFO    HTTP Request: GET https://api-live.euroleague.net/v2/competitions/E/seasons/E2024/games/310/stats "HTTP/1.1 200 OK"
16:08:56 INFO    HTTP Request: GET https://live.euroleague.net/api/PlayByPlay?gamecode=310&seasoncode=E2024 "HTTP/1.1 200 OK"
16:08:59 INFO    HTTP Request: GET https://live.euroleague.net/api/Points?gamecode=310&seasoncode=E2024 "HTTP/1.1 200 OK"
16:09:03 INFO    HTTP Request: GET https://api-live.euroleague.net/v2/competitions/E/seasons/E2024/games/311/stats "HTTP/1.1 200 OK"
16:09:08 INFO    HTTP Request: GET https://live.euroleague.net/api/PlayByPlay?gamecode=311&seasoncode=E2024 "HTTP/1.1 200 OK"
16:09:11 INFO    HTTP Request: GET https://live.euroleague.net/api/Points?gamecode=311&seasoncode=E2024 "HTTP/1.1 200 OK"
16:09:16 INFO    HTTP Request: GET https://api-live.euroleague.net/v2/competitions/E/seasons/E2024/games/312/stats "HTTP/1.1 200 OK"
16:09:20 INFO    HTTP Request: GET https://live.euroleague.net/api/PlayByPlay?gamecode=312&seasoncode=E2024 "HTTP/1.1 200 OK"
16:09:24 INFO    HTTP Request: GET https://live.euroleague.net/api/Points?gamecode=312&seasoncode=E2024 "HTTP/1.1 200 OK"
16:09:28 INFO    HTTP Request: GET https://api-live.euroleague.net/v2/competitions/E/seasons/E2024/games/313/stats "HTTP/1.1 200 OK"
16:09:32 INFO    HTTP Request: GET https://live.euroleague.net/api/PlayByPlay?gamecode=313&seasoncode=E2024 "HTTP/1.1 200 OK"
16:09:36 INFO    HTTP Request: GET https://live.euroleague.net/api/Points?gamecode=313&seasoncode=E2024 "HTTP/1.1 200 OK"
16:09:39 INFO    HTTP Request: GET https://api-live.euroleague.net/v2/competitions/E/seasons/E2024/games/314/stats "HTTP/1.1 200 OK"
16:09:44 INFO    HTTP Request: GET https://live.euroleague.net/api/PlayByPlay?gamecode=314&seasoncode=E2024 "HTTP/1.1 200 OK"
16:09:48 INFO    HTTP Request: GET https://live.euroleague.net/api/Points?gamecode=314&seasoncode=E2024 "HTTP/1.1 200 OK"
16:09:51 INFO    HTTP Request: GET https://api-live.euroleague.net/v2/competitions/E/seasons/E2024/games/315/stats "HTTP/1.1 200 OK"
16:09:56 INFO    HTTP Request: GET https://live.euroleague.net/api/PlayByPlay?gamecode=315&seasoncode=E2024 "HTTP/1.1 200 OK"
16:09:59 INFO    HTTP Request: GET https://live.euroleague.net/api/Points?gamecode=315&seasoncode=E2024 "HTTP/1.1 200 OK"
16:10:03 INFO    HTTP Request: GET https://api-live.euroleague.net/v2/competitions/E/seasons/E2024/games/316/stats "HTTP/1.1 200 OK"
16:10:08 INFO    HTTP Request: GET https://live.euroleague.net/api/PlayByPlay?gamecode=316&seasoncode=E2024 "HTTP/1.1 200 OK"
16:10:11 INFO    HTTP Request: GET https://live.euroleague.net/api/Points?gamecode=316&seasoncode=E2024 "HTTP/1.1 200 OK"
16:10:16 INFO    HTTP Request: GET https://api-live.euroleague.net/v2/competitions/E/seasons/E2024/games/317/stats "HTTP/1.1 200 OK"
16:10:20 INFO    HTTP Request: GET https://live.euroleague.net/api/PlayByPlay?gamecode=317&seasoncode=E2024 "HTTP/1.1 200 OK"
16:10:24 INFO    HTTP Request: GET https://live.euroleague.net/api/Points?gamecode=317&seasoncode=E2024 "HTTP/1.1 200 OK"
16:10:27 INFO    HTTP Request: GET https://api-live.euroleague.net/v2/competitions/E/seasons/E2024/games/318/stats "HTTP/1.1 200 OK"
16:10:32 INFO    HTTP Request: GET https://live.euroleague.net/api/PlayByPlay?gamecode=318&seasoncode=E2024 "HTTP/1.1 200 OK"
16:10:35 INFO    HTTP Request: GET https://live.euroleague.net/api/Points?gamecode=318&seasoncode=E2024 "HTTP/1.1 200 OK"
16:10:39 INFO    HTTP Request: GET https://api-live.euroleague.net/v2/competitions/E/seasons/E2024/games/319/stats "HTTP/1.1 200 OK"
16:10:44 INFO    HTTP Request: GET https://live.euroleague.net/api/PlayByPlay?gamecode=319&seasoncode=E2024 "HTTP/1.1 200 OK"
16:10:48 INFO    HTTP Request: GET https://live.euroleague.net/api/Points?gamecode=319&seasoncode=E2024 "HTTP/1.1 200 OK"
16:10:52 INFO    HTTP Request: GET https://api-live.euroleague.net/v2/competitions/E/seasons/E2024/games/320/stats "HTTP/1.1 200 OK"
16:10:56 INFO    HTTP Request: GET https://live.euroleague.net/api/PlayByPlay?gamecode=320&seasoncode=E2024 "HTTP/1.1 200 OK"
16:11:00 INFO    HTTP Request: GET https://live.euroleague.net/api/Points?gamecode=320&seasoncode=E2024 "HTTP/1.1 200 OK"
16:11:04 INFO    HTTP Request: GET https://api-live.euroleague.net/v2/competitions/E/seasons/E2024/games/321/stats "HTTP/1.1 200 OK"
16:11:08 INFO    HTTP Request: GET https://live.euroleague.net/api/PlayByPlay?gamecode=321&seasoncode=E2024 "HTTP/1.1 200 OK"
16:11:12 INFO    HTTP Request: GET https://live.euroleague.net/api/Points?gamecode=321&seasoncode=E2024 "HTTP/1.1 200 OK"
16:11:16 INFO    HTTP Request: GET https://api-live.euroleague.net/v2/competitions/E/seasons/E2024/games/322/stats "HTTP/1.1 200 OK"
16:11:20 INFO    HTTP Request: GET https://live.euroleague.net/api/PlayByPlay?gamecode=322&seasoncode=E2024 "HTTP/1.1 200 OK"
16:11:24 INFO    HTTP Request: GET https://live.euroleague.net/api/Points?gamecode=322&seasoncode=E2024 "HTTP/1.1 200 OK"
16:11:28 INFO    HTTP Request: GET https://api-live.euroleague.net/v2/competitions/E/seasons/E2024/games/323/stats "HTTP/1.1 200 OK"
16:11:32 INFO    HTTP Request: GET https://live.euroleague.net/api/PlayByPlay?gamecode=323&seasoncode=E2024 "HTTP/1.1 200 OK"
16:11:36 INFO    HTTP Request: GET https://live.euroleague.net/api/Points?gamecode=323&seasoncode=E2024 "HTTP/1.1 200 OK"
16:11:40 INFO    HTTP Request: GET https://api-live.euroleague.net/v2/competitions/E/seasons/E2024/games/324/stats "HTTP/1.1 200 OK"
16:11:44 INFO    HTTP Request: GET https://live.euroleague.net/api/PlayByPlay?gamecode=324&seasoncode=E2024 "HTTP/1.1 200 OK"
16:11:48 INFO    HTTP Request: GET https://live.euroleague.net/api/Points?gamecode=324&seasoncode=E2024 "HTTP/1.1 200 OK"
16:11:52 INFO    HTTP Request: GET https://api-live.euroleague.net/v2/competitions/E/seasons/E2024/games/325/stats "HTTP/1.1 200 OK"
16:11:56 INFO    HTTP Request: GET https://live.euroleague.net/api/PlayByPlay?gamecode=325&seasoncode=E2024 "HTTP/1.1 200 OK"
16:12:00 INFO    HTTP Request: GET https://live.euroleague.net/api/Points?gamecode=325&seasoncode=E2024 "HTTP/1.1 200 OK"
16:12:00 INFO    E2024 325/330 games | 978 requests, 1 cached, 0 rate-limits, 3472.0s slept
16:12:04 INFO    HTTP Request: GET https://api-live.euroleague.net/v2/competitions/E/seasons/E2024/games/326/stats "HTTP/1.1 200 OK"
16:12:08 INFO    HTTP Request: GET https://live.euroleague.net/api/PlayByPlay?gamecode=326&seasoncode=E2024 "HTTP/1.1 200 OK"
16:12:12 INFO    HTTP Request: GET https://live.euroleague.net/api/Points?gamecode=326&seasoncode=E2024 "HTTP/1.1 200 OK"
16:12:16 INFO    HTTP Request: GET https://api-live.euroleague.net/v2/competitions/E/seasons/E2024/games/327/stats "HTTP/1.1 200 OK"
16:12:20 INFO    HTTP Request: GET https://live.euroleague.net/api/PlayByPlay?gamecode=327&seasoncode=E2024 "HTTP/1.1 200 OK"
16:12:24 INFO    HTTP Request: GET https://live.euroleague.net/api/Points?gamecode=327&seasoncode=E2024 "HTTP/1.1 200 OK"
16:12:28 INFO    HTTP Request: GET https://api-live.euroleague.net/v2/competitions/E/seasons/E2024/games/328/stats "HTTP/1.1 200 OK"
16:12:32 INFO    HTTP Request: GET https://live.euroleague.net/api/PlayByPlay?gamecode=328&seasoncode=E2024 "HTTP/1.1 200 OK"
16:12:36 INFO    HTTP Request: GET https://live.euroleague.net/api/Points?gamecode=328&seasoncode=E2024 "HTTP/1.1 200 OK"
16:12:40 INFO    HTTP Request: GET https://api-live.euroleague.net/v2/competitions/E/seasons/E2024/games/329/stats "HTTP/1.1 200 OK"
16:12:44 INFO    HTTP Request: GET https://live.euroleague.net/api/PlayByPlay?gamecode=329&seasoncode=E2024 "HTTP/1.1 200 OK"
16:12:48 INFO    HTTP Request: GET https://live.euroleague.net/api/Points?gamecode=329&seasoncode=E2024 "HTTP/1.1 200 OK"
16:12:52 INFO    HTTP Request: GET https://api-live.euroleague.net/v2/competitions/E/seasons/E2024/games/330/stats "HTTP/1.1 200 OK"
16:12:56 INFO    HTTP Request: GET https://live.euroleague.net/api/PlayByPlay?gamecode=330&seasoncode=E2024 "HTTP/1.1 200 OK"
16:13:00 INFO    HTTP Request: GET https://live.euroleague.net/api/Points?gamecode=330&seasoncode=E2024 "HTTP/1.1 200 OK"
16:13:00 INFO    done: {"competition": "E", "season": "E2024", "games_in_schedule": 330, "games_crawled": 330, "games_skipped_unplayed": 0, "elapsed_seconds": 4161.8, "fetch": {"requests": 993, "cache_hits": 1, "rate_limit_hits": 0, "sleep_seconds": 3522.8, "errors": {}}}
=== E2024 exited 0 ===
=== starting U2025 ===
16:13:00 INFO    season structure: U U2025
16:13:00 INFO    HTTP Request: GET https://api-live.euroleague.net/v2/competitions/U/seasons "HTTP/1.1 200 OK"
16:13:06 INFO    HTTP Request: GET https://api-live.euroleague.net/v2/competitions/U/seasons/U2025/clubs "HTTP/1.1 200 OK"
16:13:13 INFO    HTTP Request: GET https://api-live.euroleague.net/v2/competitions/U/seasons/U2025/people?limit=1000&offset=0 "HTTP/1.1 200 OK"
16:13:18 INFO    HTTP Request: GET https://api-live.euroleague.net/v2/competitions/U/seasons/U2025/games?limit=500&offset=0 "HTTP/1.1 200 OK"
16:13:18 INFO    U2025: 195 games in schedule
16:13:25 INFO    HTTP Request: GET https://api-live.euroleague.net/v2/competitions/U/seasons/U2025/games/1/stats "HTTP/1.1 200 OK"
16:13:31 INFO    HTTP Request: GET https://live.euroleague.net/api/PlayByPlay?gamecode=1&seasoncode=U2025 "HTTP/1.1 200 OK"
16:13:37 INFO    HTTP Request: GET https://live.euroleague.net/api/Points?gamecode=1&seasoncode=U2025 "HTTP/1.1 200 OK"
16:13:42 INFO    HTTP Request: GET https://api-live.euroleague.net/v2/competitions/U/seasons/U2025/games/2/stats "HTTP/1.1 200 OK"
16:13:49 INFO    HTTP Request: GET https://live.euroleague.net/api/PlayByPlay?gamecode=2&seasoncode=U2025 "HTTP/1.1 200 OK"
16:13:55 INFO    HTTP Request: GET https://live.euroleague.net/api/Points?gamecode=2&seasoncode=U2025 "HTTP/1.1 200 OK"
16:14:01 INFO    HTTP Request: GET https://api-live.euroleague.net/v2/competitions/U/seasons/U2025/games/3/stats "HTTP/1.1 200 OK"
16:14:07 INFO    HTTP Request: GET https://live.euroleague.net/api/PlayByPlay?gamecode=3&seasoncode=U2025 "HTTP/1.1 200 OK"
16:14:13 INFO    HTTP Request: GET https://live.euroleague.net/api/Points?gamecode=3&seasoncode=U2025 "HTTP/1.1 200 OK"
16:14:19 INFO    HTTP Request: GET https://api-live.euroleague.net/v2/competitions/U/seasons/U2025/games/4/stats "HTTP/1.1 200 OK"
16:14:25 INFO    HTTP Request: GET https://live.euroleague.net/api/PlayByPlay?gamecode=4&seasoncode=U2025 "HTTP/1.1 200 OK"
16:14:31 INFO    HTTP Request: GET https://live.euroleague.net/api/Points?gamecode=4&seasoncode=U2025 "HTTP/1.1 200 OK"
16:14:37 INFO    HTTP Request: GET https://api-live.euroleague.net/v2/competitions/U/seasons/U2025/games/5/stats "HTTP/1.1 200 OK"
16:14:43 INFO    HTTP Request: GET https://live.euroleague.net/api/PlayByPlay?gamecode=5&seasoncode=U2025 "HTTP/1.1 200 OK"
16:14:49 INFO    HTTP Request: GET https://live.euroleague.net/api/Points?gamecode=5&seasoncode=U2025 "HTTP/1.1 200 OK"
16:14:55 INFO    HTTP Request: GET https://api-live.euroleague.net/v2/competitions/U/seasons/U2025/games/6/stats "HTTP/1.1 200 OK"
16:15:01 INFO    HTTP Request: GET https://live.euroleague.net/api/PlayByPlay?gamecode=6&seasoncode=U2025 "HTTP/1.1 200 OK"
16:15:07 INFO    HTTP Request: GET https://live.euroleague.net/api/Points?gamecode=6&seasoncode=U2025 "HTTP/1.1 200 OK"
16:15:13 INFO    HTTP Request: GET https://api-live.euroleague.net/v2/competitions/U/seasons/U2025/games/7/stats "HTTP/1.1 200 OK"
16:15:19 INFO    HTTP Request: GET https://live.euroleague.net/api/PlayByPlay?gamecode=7&seasoncode=U2025 "HTTP/1.1 200 OK"
16:15:25 INFO    HTTP Request: GET https://live.euroleague.net/api/Points?gamecode=7&seasoncode=U2025 "HTTP/1.1 200 OK"
16:15:31 INFO    HTTP Request: GET https://api-live.euroleague.net/v2/competitions/U/seasons/U2025/games/8/stats "HTTP/1.1 200 OK"
16:15:37 INFO    HTTP Request: GET https://live.euroleague.net/api/PlayByPlay?gamecode=8&seasoncode=U2025 "HTTP/1.1 200 OK"
16:15:43 INFO    HTTP Request: GET https://live.euroleague.net/api/Points?gamecode=8&seasoncode=U2025 "HTTP/1.1 200 OK"
16:15:49 INFO    HTTP Request: GET https://api-live.euroleague.net/v2/competitions/U/seasons/U2025/games/9/stats "HTTP/1.1 200 OK"
16:15:55 INFO    HTTP Request: GET https://live.euroleague.net/api/PlayByPlay?gamecode=9&seasoncode=U2025 "HTTP/1.1 200 OK"
16:16:01 INFO    HTTP Request: GET https://live.euroleague.net/api/Points?gamecode=9&seasoncode=U2025 "HTTP/1.1 200 OK"
16:16:07 INFO    HTTP Request: GET https://api-live.euroleague.net/v2/competitions/U/seasons/U2025/games/10/stats "HTTP/1.1 200 OK"
16:16:13 INFO    HTTP Request: GET https://live.euroleague.net/api/PlayByPlay?gamecode=10&seasoncode=U2025 "HTTP/1.1 200 OK"
16:16:19 INFO    HTTP Request: GET https://live.euroleague.net/api/Points?gamecode=10&seasoncode=U2025 "HTTP/1.1 200 OK"
16:16:25 INFO    HTTP Request: GET https://api-live.euroleague.net/v2/competitions/U/seasons/U2025/games/11/stats "HTTP/1.1 200 OK"
16:16:32 INFO    HTTP Request: GET https://live.euroleague.net/api/PlayByPlay?gamecode=11&seasoncode=U2025 "HTTP/1.1 200 OK"
16:16:37 INFO    HTTP Request: GET https://live.euroleague.net/api/Points?gamecode=11&seasoncode=U2025 "HTTP/1.1 200 OK"
16:16:43 INFO    HTTP Request: GET https://api-live.euroleague.net/v2/competitions/U/seasons/U2025/games/12/stats "HTTP/1.1 200 OK"
16:16:49 INFO    HTTP Request: GET https://live.euroleague.net/api/PlayByPlay?gamecode=12&seasoncode=U2025 "HTTP/1.1 200 OK"
16:16:55 INFO    HTTP Request: GET https://live.euroleague.net/api/Points?gamecode=12&seasoncode=U2025 "HTTP/1.1 200 OK"
16:16:55 INFO    clean run, easing interval to 5.4s
16:17:00 INFO    HTTP Request: GET https://api-live.euroleague.net/v2/competitions/U/seasons/U2025/games/13/stats "HTTP/1.1 200 OK"
16:17:06 INFO    HTTP Request: GET https://live.euroleague.net/api/PlayByPlay?gamecode=13&seasoncode=U2025 "HTTP/1.1 200 OK"
16:17:11 INFO    HTTP Request: GET https://live.euroleague.net/api/Points?gamecode=13&seasoncode=U2025 "HTTP/1.1 200 OK"
16:17:16 INFO    HTTP Request: GET https://api-live.euroleague.net/v2/competitions/U/seasons/U2025/games/14/stats "HTTP/1.1 200 OK"
16:17:22 INFO    HTTP Request: GET https://live.euroleague.net/api/PlayByPlay?gamecode=14&seasoncode=U2025 "HTTP/1.1 200 OK"
16:17:27 INFO    HTTP Request: GET https://live.euroleague.net/api/Points?gamecode=14&seasoncode=U2025 "HTTP/1.1 200 OK"
16:17:33 INFO    HTTP Request: GET https://api-live.euroleague.net/v2/competitions/U/seasons/U2025/games/15/stats "HTTP/1.1 200 OK"
16:17:39 INFO    HTTP Request: GET https://live.euroleague.net/api/PlayByPlay?gamecode=15&seasoncode=U2025 "HTTP/1.1 200 OK"
16:17:44 INFO    HTTP Request: GET https://live.euroleague.net/api/Points?gamecode=15&seasoncode=U2025 "HTTP/1.1 200 OK"
16:17:49 INFO    HTTP Request: GET https://api-live.euroleague.net/v2/competitions/U/seasons/U2025/games/16/stats "HTTP/1.1 200 OK"
16:17:55 INFO    HTTP Request: GET https://live.euroleague.net/api/PlayByPlay?gamecode=16&seasoncode=U2025 "HTTP/1.1 200 OK"
16:18:00 INFO    HTTP Request: GET https://live.euroleague.net/api/Points?gamecode=16&seasoncode=U2025 "HTTP/1.1 200 OK"
16:18:05 INFO    HTTP Request: GET https://api-live.euroleague.net/v2/competitions/U/seasons/U2025/games/17/stats "HTTP/1.1 200 OK"
16:18:11 INFO    HTTP Request: GET https://live.euroleague.net/api/PlayByPlay?gamecode=17&seasoncode=U2025 "HTTP/1.1 200 OK"
16:18:16 INFO    HTTP Request: GET https://live.euroleague.net/api/Points?gamecode=17&seasoncode=U2025 "HTTP/1.1 200 OK"
16:18:21 INFO    HTTP Request: GET https://api-live.euroleague.net/v2/competitions/U/seasons/U2025/games/18/stats "HTTP/1.1 200 OK"
16:18:27 INFO    HTTP Request: GET https://live.euroleague.net/api/PlayByPlay?gamecode=18&seasoncode=U2025 "HTTP/1.1 200 OK"
16:18:32 INFO    HTTP Request: GET https://live.euroleague.net/api/Points?gamecode=18&seasoncode=U2025 "HTTP/1.1 200 OK"
16:18:38 INFO    HTTP Request: GET https://api-live.euroleague.net/v2/competitions/U/seasons/U2025/games/19/stats "HTTP/1.1 200 OK"
16:18:43 INFO    HTTP Request: GET https://live.euroleague.net/api/PlayByPlay?gamecode=19&seasoncode=U2025 "HTTP/1.1 200 OK"
16:18:49 INFO    HTTP Request: GET https://live.euroleague.net/api/Points?gamecode=19&seasoncode=U2025 "HTTP/1.1 200 OK"
16:18:54 INFO    HTTP Request: GET https://api-live.euroleague.net/v2/competitions/U/seasons/U2025/games/20/stats "HTTP/1.1 200 OK"
16:19:00 INFO    HTTP Request: GET https://live.euroleague.net/api/PlayByPlay?gamecode=20&seasoncode=U2025 "HTTP/1.1 200 OK"
16:19:05 INFO    HTTP Request: GET https://live.euroleague.net/api/Points?gamecode=20&seasoncode=U2025 "HTTP/1.1 200 OK"
16:19:10 INFO    HTTP Request: GET https://api-live.euroleague.net/v2/competitions/U/seasons/U2025/games/21/stats "HTTP/1.1 200 OK"
16:19:16 INFO    HTTP Request: GET https://live.euroleague.net/api/PlayByPlay?gamecode=21&seasoncode=U2025 "HTTP/1.1 200 OK"
16:19:21 INFO    HTTP Request: GET https://live.euroleague.net/api/Points?gamecode=21&seasoncode=U2025 "HTTP/1.1 200 OK"
16:19:26 INFO    HTTP Request: GET https://api-live.euroleague.net/v2/competitions/U/seasons/U2025/games/22/stats "HTTP/1.1 200 OK"
16:19:32 INFO    HTTP Request: GET https://live.euroleague.net/api/PlayByPlay?gamecode=22&seasoncode=U2025 "HTTP/1.1 200 OK"
16:19:37 INFO    HTTP Request: GET https://live.euroleague.net/api/Points?gamecode=22&seasoncode=U2025 "HTTP/1.1 200 OK"
16:19:42 INFO    HTTP Request: GET https://api-live.euroleague.net/v2/competitions/U/seasons/U2025/games/23/stats "HTTP/1.1 200 OK"
16:19:48 INFO    HTTP Request: GET https://live.euroleague.net/api/PlayByPlay?gamecode=23&seasoncode=U2025 "HTTP/1.1 200 OK"
16:19:54 INFO    HTTP Request: GET https://live.euroleague.net/api/Points?gamecode=23&seasoncode=U2025 "HTTP/1.1 200 OK"
16:19:59 INFO    HTTP Request: GET https://api-live.euroleague.net/v2/competitions/U/seasons/U2025/games/24/stats "HTTP/1.1 200 OK"
16:20:04 INFO    HTTP Request: GET https://live.euroleague.net/api/PlayByPlay?gamecode=24&seasoncode=U2025 "HTTP/1.1 200 OK"
16:20:10 INFO    HTTP Request: GET https://live.euroleague.net/api/Points?gamecode=24&seasoncode=U2025 "HTTP/1.1 200 OK"
16:20:15 INFO    HTTP Request: GET https://api-live.euroleague.net/v2/competitions/U/seasons/U2025/games/25/stats "HTTP/1.1 200 OK"
16:20:21 INFO    HTTP Request: GET https://live.euroleague.net/api/PlayByPlay?gamecode=25&seasoncode=U2025 "HTTP/1.1 200 OK"
16:20:26 INFO    HTTP Request: GET https://live.euroleague.net/api/Points?gamecode=25&seasoncode=U2025 "HTTP/1.1 200 OK"
16:20:26 INFO    U2025 25/195 games | 79 requests, 0 cached, 0 rate-limits, 392.5s slept
16:20:31 INFO    HTTP Request: GET https://api-live.euroleague.net/v2/competitions/U/seasons/U2025/games/26/stats "HTTP/1.1 200 OK"
16:20:31 INFO    clean run, easing interval to 4.9s
16:20:36 INFO    HTTP Request: GET https://live.euroleague.net/api/PlayByPlay?gamecode=26&seasoncode=U2025 "HTTP/1.1 200 OK"
16:20:41 INFO    HTTP Request: GET https://live.euroleague.net/api/Points?gamecode=26&seasoncode=U2025 "HTTP/1.1 200 OK"
16:20:46 INFO    HTTP Request: GET https://api-live.euroleague.net/v2/competitions/U/seasons/U2025/games/27/stats "HTTP/1.1 200 OK"
16:20:51 INFO    HTTP Request: GET https://live.euroleague.net/api/PlayByPlay?gamecode=27&seasoncode=U2025 "HTTP/1.1 200 OK"
16:20:56 INFO    HTTP Request: GET https://live.euroleague.net/api/Points?gamecode=27&seasoncode=U2025 "HTTP/1.1 200 OK"
16:21:00 INFO    HTTP Request: GET https://api-live.euroleague.net/v2/competitions/U/seasons/U2025/games/28/stats "HTTP/1.1 200 OK"
16:21:05 INFO    HTTP Request: GET https://live.euroleague.net/api/PlayByPlay?gamecode=28&seasoncode=U2025 "HTTP/1.1 200 OK"
16:21:10 INFO    HTTP Request: GET https://live.euroleague.net/api/Points?gamecode=28&seasoncode=U2025 "HTTP/1.1 200 OK"
16:21:15 INFO    HTTP Request: GET https://api-live.euroleague.net/v2/competitions/U/seasons/U2025/games/29/stats "HTTP/1.1 200 OK"
16:21:20 INFO    HTTP Request: GET https://live.euroleague.net/api/PlayByPlay?gamecode=29&seasoncode=U2025 "HTTP/1.1 200 OK"
16:21:25 INFO    HTTP Request: GET https://live.euroleague.net/api/Points?gamecode=29&seasoncode=U2025 "HTTP/1.1 200 OK"
16:21:29 INFO    HTTP Request: GET https://api-live.euroleague.net/v2/competitions/U/seasons/U2025/games/30/stats "HTTP/1.1 200 OK"
16:21:35 INFO    HTTP Request: GET https://live.euroleague.net/api/PlayByPlay?gamecode=30&seasoncode=U2025 "HTTP/1.1 200 OK"
16:21:39 INFO    HTTP Request: GET https://live.euroleague.net/api/Points?gamecode=30&seasoncode=U2025 "HTTP/1.1 200 OK"
16:21:44 INFO    HTTP Request: GET https://api-live.euroleague.net/v2/competitions/U/seasons/U2025/games/31/stats "HTTP/1.1 200 OK"
16:21:49 INFO    HTTP Request: GET https://live.euroleague.net/api/PlayByPlay?gamecode=31&seasoncode=U2025 "HTTP/1.1 200 OK"
16:21:54 INFO    HTTP Request: GET https://live.euroleague.net/api/Points?gamecode=31&seasoncode=U2025 "HTTP/1.1 200 OK"
16:21:59 INFO    HTTP Request: GET https://api-live.euroleague.net/v2/competitions/U/seasons/U2025/games/32/stats "HTTP/1.1 200 OK"
16:22:04 INFO    HTTP Request: GET https://live.euroleague.net/api/PlayByPlay?gamecode=32&seasoncode=U2025 "HTTP/1.1 200 OK"
16:22:09 INFO    HTTP Request: GET https://live.euroleague.net/api/Points?gamecode=32&seasoncode=U2025 "HTTP/1.1 200 OK"
16:22:13 INFO    HTTP Request: GET https://api-live.euroleague.net/v2/competitions/U/seasons/U2025/games/33/stats "HTTP/1.1 200 OK"
16:22:19 INFO    HTTP Request: GET https://live.euroleague.net/api/PlayByPlay?gamecode=33&seasoncode=U2025 "HTTP/1.1 200 OK"
16:22:23 INFO    HTTP Request: GET https://live.euroleague.net/api/Points?gamecode=33&seasoncode=U2025 "HTTP/1.1 200 OK"
16:22:28 INFO    HTTP Request: GET https://api-live.euroleague.net/v2/competitions/U/seasons/U2025/games/34/stats "HTTP/1.1 200 OK"
16:22:33 INFO    HTTP Request: GET https://live.euroleague.net/api/PlayByPlay?gamecode=34&seasoncode=U2025 "HTTP/1.1 200 OK"
16:22:38 INFO    HTTP Request: GET https://live.euroleague.net/api/Points?gamecode=34&seasoncode=U2025 "HTTP/1.1 200 OK"
16:22:43 INFO    HTTP Request: GET https://api-live.euroleague.net/v2/competitions/U/seasons/U2025/games/35/stats "HTTP/1.1 200 OK"
16:22:48 INFO    HTTP Request: GET https://live.euroleague.net/api/PlayByPlay?gamecode=35&seasoncode=U2025 "HTTP/1.1 200 OK"
16:22:53 INFO    HTTP Request: GET https://live.euroleague.net/api/Points?gamecode=35&seasoncode=U2025 "HTTP/1.1 200 OK"
16:22:57 INFO    HTTP Request: GET https://api-live.euroleague.net/v2/competitions/U/seasons/U2025/games/36/stats "HTTP/1.1 200 OK"
16:23:02 INFO    HTTP Request: GET https://live.euroleague.net/api/PlayByPlay?gamecode=36&seasoncode=U2025 "HTTP/1.1 200 OK"
16:23:07 INFO    HTTP Request: GET https://live.euroleague.net/api/Points?gamecode=36&seasoncode=U2025 "HTTP/1.1 200 OK"
16:23:12 INFO    HTTP Request: GET https://api-live.euroleague.net/v2/competitions/U/seasons/U2025/games/37/stats "HTTP/1.1 200 OK"
16:23:17 INFO    HTTP Request: GET https://live.euroleague.net/api/PlayByPlay?gamecode=37&seasoncode=U2025 "HTTP/1.1 200 OK"
16:23:22 INFO    HTTP Request: GET https://live.euroleague.net/api/Points?gamecode=37&seasoncode=U2025 "HTTP/1.1 200 OK"
16:23:26 INFO    HTTP Request: GET https://api-live.euroleague.net/v2/competitions/U/seasons/U2025/games/38/stats "HTTP/1.1 200 OK"
16:23:31 INFO    HTTP Request: GET https://live.euroleague.net/api/PlayByPlay?gamecode=38&seasoncode=U2025 "HTTP/1.1 200 OK"
16:23:36 INFO    HTTP Request: GET https://live.euroleague.net/api/Points?gamecode=38&seasoncode=U2025 "HTTP/1.1 200 OK"
16:23:41 INFO    HTTP Request: GET https://api-live.euroleague.net/v2/competitions/U/seasons/U2025/games/39/stats "HTTP/1.1 200 OK"
16:23:46 INFO    HTTP Request: GET https://live.euroleague.net/api/PlayByPlay?gamecode=39&seasoncode=U2025 "HTTP/1.1 200 OK"
16:23:46 INFO    clean run, easing interval to 4.4s
16:23:50 INFO    HTTP Request: GET https://live.euroleague.net/api/Points?gamecode=39&seasoncode=U2025 "HTTP/1.1 200 OK"
16:23:55 INFO    HTTP Request: GET https://api-live.euroleague.net/v2/competitions/U/seasons/U2025/games/40/stats "HTTP/1.1 200 OK"
16:23:59 INFO    HTTP Request: GET https://live.euroleague.net/api/PlayByPlay?gamecode=40&seasoncode=U2025 "HTTP/1.1 200 OK"
16:24:03 INFO    HTTP Request: GET https://live.euroleague.net/api/Points?gamecode=40&seasoncode=U2025 "HTTP/1.1 200 OK"
16:24:08 INFO    HTTP Request: GET https://api-live.euroleague.net/v2/competitions/U/seasons/U2025/games/41/stats "HTTP/1.1 200 OK"
16:24:12 INFO    HTTP Request: GET https://live.euroleague.net/api/PlayByPlay?gamecode=41&seasoncode=U2025 "HTTP/1.1 200 OK"
16:24:17 INFO    HTTP Request: GET https://live.euroleague.net/api/Points?gamecode=41&seasoncode=U2025 "HTTP/1.1 200 OK"
16:24:21 INFO    HTTP Request: GET https://api-live.euroleague.net/v2/competitions/U/seasons/U2025/games/42/stats "HTTP/1.1 200 OK"
16:24:27 INFO    HTTP Request: GET https://live.euroleague.net/api/PlayByPlay?gamecode=42&seasoncode=U2025 "HTTP/1.1 200 OK"
16:24:30 INFO    HTTP Request: GET https://live.euroleague.net/api/Points?gamecode=42&seasoncode=U2025 "HTTP/1.1 200 OK"
16:24:34 INFO    HTTP Request: GET https://api-live.euroleague.net/v2/competitions/U/seasons/U2025/games/43/stats "HTTP/1.1 200 OK"
16:24:39 INFO    HTTP Request: GET https://live.euroleague.net/api/PlayByPlay?gamecode=43&seasoncode=U2025 "HTTP/1.1 200 OK"
16:24:43 INFO    HTTP Request: GET https://live.euroleague.net/api/Points?gamecode=43&seasoncode=U2025 "HTTP/1.1 200 OK"
16:24:47 INFO    HTTP Request: GET https://api-live.euroleague.net/v2/competitions/U/seasons/U2025/games/44/stats "HTTP/1.1 200 OK"
16:24:52 INFO    HTTP Request: GET https://live.euroleague.net/api/PlayByPlay?gamecode=44&seasoncode=U2025 "HTTP/1.1 200 OK"
16:24:56 INFO    HTTP Request: GET https://live.euroleague.net/api/Points?gamecode=44&seasoncode=U2025 "HTTP/1.1 200 OK"
16:25:00 INFO    HTTP Request: GET https://api-live.euroleague.net/v2/competitions/U/seasons/U2025/games/45/stats "HTTP/1.1 200 OK"
16:25:05 INFO    HTTP Request: GET https://live.euroleague.net/api/PlayByPlay?gamecode=45&seasoncode=U2025 "HTTP/1.1 200 OK"
16:25:09 INFO    HTTP Request: GET https://live.euroleague.net/api/Points?gamecode=45&seasoncode=U2025 "HTTP/1.1 200 OK"
16:25:13 INFO    HTTP Request: GET https://api-live.euroleague.net/v2/competitions/U/seasons/U2025/games/46/stats "HTTP/1.1 200 OK"
16:25:18 INFO    HTTP Request: GET https://live.euroleague.net/api/PlayByPlay?gamecode=46&seasoncode=U2025 "HTTP/1.1 200 OK"
16:25:22 INFO    HTTP Request: GET https://live.euroleague.net/api/Points?gamecode=46&seasoncode=U2025 "HTTP/1.1 200 OK"
16:25:27 INFO    HTTP Request: GET https://api-live.euroleague.net/v2/competitions/U/seasons/U2025/games/47/stats "HTTP/1.1 200 OK"
16:25:31 INFO    HTTP Request: GET https://live.euroleague.net/api/PlayByPlay?gamecode=47&seasoncode=U2025 "HTTP/1.1 200 OK"
16:25:36 INFO    HTTP Request: GET https://live.euroleague.net/api/Points?gamecode=47&seasoncode=U2025 "HTTP/1.1 200 OK"
16:25:40 INFO    HTTP Request: GET https://api-live.euroleague.net/v2/competitions/U/seasons/U2025/games/48/stats "HTTP/1.1 200 OK"
16:25:44 INFO    HTTP Request: GET https://live.euroleague.net/api/PlayByPlay?gamecode=48&seasoncode=U2025 "HTTP/1.1 200 OK"
16:25:49 INFO    HTTP Request: GET https://live.euroleague.net/api/Points?gamecode=48&seasoncode=U2025 "HTTP/1.1 200 OK"
16:25:53 INFO    HTTP Request: GET https://api-live.euroleague.net/v2/competitions/U/seasons/U2025/games/49/stats "HTTP/1.1 200 OK"
16:25:58 INFO    HTTP Request: GET https://live.euroleague.net/api/PlayByPlay?gamecode=49&seasoncode=U2025 "HTTP/1.1 200 OK"
16:26:02 INFO    HTTP Request: GET https://live.euroleague.net/api/Points?gamecode=49&seasoncode=U2025 "HTTP/1.1 200 OK"
16:26:06 INFO    HTTP Request: GET https://api-live.euroleague.net/v2/competitions/U/seasons/U2025/games/50/stats "HTTP/1.1 200 OK"
16:26:11 INFO    HTTP Request: GET https://live.euroleague.net/api/PlayByPlay?gamecode=50&seasoncode=U2025 "HTTP/1.1 200 OK"
16:26:15 INFO    HTTP Request: GET https://live.euroleague.net/api/Points?gamecode=50&seasoncode=U2025 "HTTP/1.1 200 OK"
16:26:15 INFO    U2025 50/195 games | 154 requests, 0 cached, 0 rate-limits, 691.7s slept
16:26:19 INFO    HTTP Request: GET https://api-live.euroleague.net/v2/competitions/U/seasons/U2025/games/51/stats "HTTP/1.1 200 OK"
16:26:24 INFO    HTTP Request: GET https://live.euroleague.net/api/PlayByPlay?gamecode=51&seasoncode=U2025 "HTTP/1.1 200 OK"
16:26:28 INFO    HTTP Request: GET https://live.euroleague.net/api/Points?gamecode=51&seasoncode=U2025 "HTTP/1.1 200 OK"
16:26:32 INFO    HTTP Request: GET https://api-live.euroleague.net/v2/competitions/U/seasons/U2025/games/52/stats "HTTP/1.1 200 OK"
16:26:37 INFO    HTTP Request: GET https://live.euroleague.net/api/PlayByPlay?gamecode=52&seasoncode=U2025 "HTTP/1.1 200 OK"
16:26:41 INFO    HTTP Request: GET https://live.euroleague.net/api/Points?gamecode=52&seasoncode=U2025 "HTTP/1.1 200 OK"
16:26:41 INFO    clean run, easing interval to 4.0s
16:26:45 INFO    HTTP Request: GET https://api-live.euroleague.net/v2/competitions/U/seasons/U2025/games/53/stats "HTTP/1.1 200 OK"
16:26:50 INFO    HTTP Request: GET https://live.euroleague.net/api/PlayByPlay?gamecode=53&seasoncode=U2025 "HTTP/1.1 200 OK"
16:26:53 INFO    HTTP Request: GET https://live.euroleague.net/api/Points?gamecode=53&seasoncode=U2025 "HTTP/1.1 200 OK"
16:26:57 INFO    HTTP Request: GET https://api-live.euroleague.net/v2/competitions/U/seasons/U2025/games/54/stats "HTTP/1.1 200 OK"
16:27:02 INFO    HTTP Request: GET https://live.euroleague.net/api/PlayByPlay?gamecode=54&seasoncode=U2025 "HTTP/1.1 200 OK"
16:27:05 INFO    HTTP Request: GET https://live.euroleague.net/api/Points?gamecode=54&seasoncode=U2025 "HTTP/1.1 200 OK"
16:27:09 INFO    HTTP Request: GET https://api-live.euroleague.net/v2/competitions/U/seasons/U2025/games/55/stats "HTTP/1.1 200 OK"
16:27:13 INFO    HTTP Request: GET https://live.euroleague.net/api/PlayByPlay?gamecode=55&seasoncode=U2025 "HTTP/1.1 200 OK"
16:27:17 INFO    HTTP Request: GET https://live.euroleague.net/api/Points?gamecode=55&seasoncode=U2025 "HTTP/1.1 200 OK"
16:27:21 INFO    HTTP Request: GET https://api-live.euroleague.net/v2/competitions/U/seasons/U2025/games/56/stats "HTTP/1.1 200 OK"
16:27:26 INFO    HTTP Request: GET https://live.euroleague.net/api/PlayByPlay?gamecode=56&seasoncode=U2025 "HTTP/1.1 200 OK"
16:27:29 INFO    HTTP Request: GET https://live.euroleague.net/api/Points?gamecode=56&seasoncode=U2025 "HTTP/1.1 200 OK"
16:27:33 INFO    HTTP Request: GET https://api-live.euroleague.net/v2/competitions/U/seasons/U2025/games/57/stats "HTTP/1.1 200 OK"
16:27:38 INFO    HTTP Request: GET https://live.euroleague.net/api/PlayByPlay?gamecode=57&seasoncode=U2025 "HTTP/1.1 200 OK"
16:27:41 INFO    HTTP Request: GET https://live.euroleague.net/api/Points?gamecode=57&seasoncode=U2025 "HTTP/1.1 200 OK"
16:27:45 INFO    HTTP Request: GET https://api-live.euroleague.net/v2/competitions/U/seasons/U2025/games/58/stats "HTTP/1.1 200 OK"
16:27:49 INFO    HTTP Request: GET https://live.euroleague.net/api/PlayByPlay?gamecode=58&seasoncode=U2025 "HTTP/1.1 200 OK"
16:27:53 INFO    HTTP Request: GET https://live.euroleague.net/api/Points?gamecode=58&seasoncode=U2025 "HTTP/1.1 200 OK"
16:27:57 INFO    HTTP Request: GET https://api-live.euroleague.net/v2/competitions/U/seasons/U2025/games/59/stats "HTTP/1.1 200 OK"
16:28:02 INFO    HTTP Request: GET https://live.euroleague.net/api/PlayByPlay?gamecode=59&seasoncode=U2025 "HTTP/1.1 200 OK"
16:28:05 INFO    HTTP Request: GET https://live.euroleague.net/api/Points?gamecode=59&seasoncode=U2025 "HTTP/1.1 200 OK"
16:28:09 INFO    HTTP Request: GET https://api-live.euroleague.net/v2/competitions/U/seasons/U2025/games/60/stats "HTTP/1.1 200 OK"
16:28:14 INFO    HTTP Request: GET https://live.euroleague.net/api/PlayByPlay?gamecode=60&seasoncode=U2025 "HTTP/1.1 200 OK"
16:28:17 INFO    HTTP Request: GET https://live.euroleague.net/api/Points?gamecode=60&seasoncode=U2025 "HTTP/1.1 200 OK"
16:28:21 INFO    HTTP Request: GET https://api-live.euroleague.net/v2/competitions/U/seasons/U2025/games/61/stats "HTTP/1.1 200 OK"
16:28:26 INFO    HTTP Request: GET https://live.euroleague.net/api/PlayByPlay?gamecode=61&seasoncode=U2025 "HTTP/1.1 200 OK"
16:28:30 INFO    HTTP Request: GET https://live.euroleague.net/api/Points?gamecode=61&seasoncode=U2025 "HTTP/1.1 200 OK"
16:28:33 INFO    HTTP Request: GET https://api-live.euroleague.net/v2/competitions/U/seasons/U2025/games/62/stats "HTTP/1.1 200 OK"
16:28:38 INFO    HTTP Request: GET https://live.euroleague.net/api/PlayByPlay?gamecode=62&seasoncode=U2025 "HTTP/1.1 200 OK"
16:28:42 INFO    HTTP Request: GET https://live.euroleague.net/api/Points?gamecode=62&seasoncode=U2025 "HTTP/1.1 200 OK"
16:28:45 INFO    HTTP Request: GET https://api-live.euroleague.net/v2/competitions/U/seasons/U2025/games/63/stats "HTTP/1.1 200 OK"
16:28:50 INFO    HTTP Request: GET https://live.euroleague.net/api/PlayByPlay?gamecode=63&seasoncode=U2025 "HTTP/1.1 200 OK"
16:28:54 INFO    HTTP Request: GET https://live.euroleague.net/api/Points?gamecode=63&seasoncode=U2025 "HTTP/1.1 200 OK"
16:28:57 INFO    HTTP Request: GET https://api-live.euroleague.net/v2/competitions/U/seasons/U2025/games/64/stats "HTTP/1.1 200 OK"
16:29:02 INFO    HTTP Request: GET https://live.euroleague.net/api/PlayByPlay?gamecode=64&seasoncode=U2025 "HTTP/1.1 200 OK"
16:29:06 INFO    HTTP Request: GET https://live.euroleague.net/api/Points?gamecode=64&seasoncode=U2025 "HTTP/1.1 200 OK"
16:29:09 INFO    HTTP Request: GET https://api-live.euroleague.net/v2/competitions/U/seasons/U2025/games/65/stats "HTTP/1.1 200 OK"
16:29:14 INFO    HTTP Request: GET https://live.euroleague.net/api/PlayByPlay?gamecode=65&seasoncode=U2025 "HTTP/1.1 200 OK"
16:29:18 INFO    HTTP Request: GET https://live.euroleague.net/api/Points?gamecode=65&seasoncode=U2025 "HTTP/1.1 200 OK"
16:29:21 INFO    HTTP Request: GET https://api-live.euroleague.net/v2/competitions/U/seasons/U2025/games/66/stats "HTTP/1.1 200 OK"
16:29:26 INFO    HTTP Request: GET https://live.euroleague.net/api/PlayByPlay?gamecode=66&seasoncode=U2025 "HTTP/1.1 200 OK"
16:29:29 INFO    HTTP Request: GET https://live.euroleague.net/api/Points?gamecode=66&seasoncode=U2025 "HTTP/1.1 200 OK"
16:29:33 INFO    HTTP Request: GET https://api-live.euroleague.net/v2/competitions/U/seasons/U2025/games/67/stats "HTTP/1.1 200 OK"
16:29:38 INFO    HTTP Request: GET https://live.euroleague.net/api/PlayByPlay?gamecode=67&seasoncode=U2025 "HTTP/1.1 200 OK"
16:29:42 INFO    HTTP Request: GET https://live.euroleague.net/api/Points?gamecode=67&seasoncode=U2025 "HTTP/1.1 200 OK"
16:29:45 INFO    HTTP Request: GET https://api-live.euroleague.net/v2/competitions/U/seasons/U2025/games/68/stats "HTTP/1.1 200 OK"
16:29:50 INFO    HTTP Request: GET https://live.euroleague.net/api/PlayByPlay?gamecode=68&seasoncode=U2025 "HTTP/1.1 200 OK"
16:29:54 INFO    HTTP Request: GET https://live.euroleague.net/api/Points?gamecode=68&seasoncode=U2025 "HTTP/1.1 200 OK"
16:29:57 INFO    HTTP Request: GET https://api-live.euroleague.net/v2/competitions/U/seasons/U2025/games/69/stats "HTTP/1.1 200 OK"
16:30:02 INFO    HTTP Request: GET https://live.euroleague.net/api/PlayByPlay?gamecode=69&seasoncode=U2025 "HTTP/1.1 200 OK"
16:30:06 INFO    HTTP Request: GET https://live.euroleague.net/api/Points?gamecode=69&seasoncode=U2025 "HTTP/1.1 200 OK"
16:30:09 INFO    HTTP Request: GET https://api-live.euroleague.net/v2/competitions/U/seasons/U2025/games/70/stats "HTTP/1.1 200 OK"
16:30:14 INFO    HTTP Request: GET https://live.euroleague.net/api/PlayByPlay?gamecode=70&seasoncode=U2025 "HTTP/1.1 200 OK"
16:30:18 INFO    HTTP Request: GET https://live.euroleague.net/api/Points?gamecode=70&seasoncode=U2025 "HTTP/1.1 200 OK"
16:30:21 INFO    HTTP Request: GET https://api-live.euroleague.net/v2/competitions/U/seasons/U2025/games/71/stats "HTTP/1.1 200 OK"
16:30:26 INFO    HTTP Request: GET https://live.euroleague.net/api/PlayByPlay?gamecode=71&seasoncode=U2025 "HTTP/1.1 200 OK"
16:30:30 INFO    HTTP Request: GET https://live.euroleague.net/api/Points?gamecode=71&seasoncode=U2025 "HTTP/1.1 200 OK"
16:30:33 INFO    HTTP Request: GET https://api-live.euroleague.net/v2/competitions/U/seasons/U2025/games/72/stats "HTTP/1.1 200 OK"
16:30:38 INFO    HTTP Request: GET https://live.euroleague.net/api/PlayByPlay?gamecode=72&seasoncode=U2025 "HTTP/1.1 200 OK"
16:30:42 INFO    HTTP Request: GET https://live.euroleague.net/api/Points?gamecode=72&seasoncode=U2025 "HTTP/1.1 200 OK"
16:30:45 INFO    HTTP Request: GET https://api-live.euroleague.net/v2/competitions/U/seasons/U2025/games/73/stats "HTTP/1.1 200 OK"
16:30:50 INFO    HTTP Request: GET https://live.euroleague.net/api/PlayByPlay?gamecode=73&seasoncode=U2025 "HTTP/1.1 200 OK"
16:30:54 INFO    HTTP Request: GET https://live.euroleague.net/api/Points?gamecode=73&seasoncode=U2025 "HTTP/1.1 200 OK"
16:30:58 INFO    HTTP Request: GET https://api-live.euroleague.net/v2/competitions/U/seasons/U2025/games/74/stats "HTTP/1.1 200 OK"
16:31:02 INFO    HTTP Request: GET https://live.euroleague.net/api/PlayByPlay?gamecode=74&seasoncode=U2025 "HTTP/1.1 200 OK"
16:31:06 INFO    HTTP Request: GET https://live.euroleague.net/api/Points?gamecode=74&seasoncode=U2025 "HTTP/1.1 200 OK"
16:31:10 INFO    HTTP Request: GET https://api-live.euroleague.net/v2/competitions/U/seasons/U2025/games/75/stats "HTTP/1.1 200 OK"
16:31:14 INFO    HTTP Request: GET https://live.euroleague.net/api/PlayByPlay?gamecode=75&seasoncode=U2025 "HTTP/1.1 200 OK"
16:31:18 INFO    HTTP Request: GET https://live.euroleague.net/api/Points?gamecode=75&seasoncode=U2025 "HTTP/1.1 200 OK"
16:31:18 INFO    U2025 75/195 games | 229 requests, 0 cached, 0 rate-limits, 945.6s slept
16:31:22 INFO    HTTP Request: GET https://api-live.euroleague.net/v2/competitions/U/seasons/U2025/games/76/stats "HTTP/1.1 200 OK"
16:31:26 INFO    HTTP Request: GET https://live.euroleague.net/api/PlayByPlay?gamecode=76&seasoncode=U2025 "HTTP/1.1 200 OK"
16:31:30 INFO    HTTP Request: GET https://live.euroleague.net/api/Points?gamecode=76&seasoncode=U2025 "HTTP/1.1 200 OK"
16:31:34 INFO    HTTP Request: GET https://api-live.euroleague.net/v2/competitions/U/seasons/U2025/games/77/stats "HTTP/1.1 200 OK"
16:31:38 INFO    HTTP Request: GET https://live.euroleague.net/api/PlayByPlay?gamecode=77&seasoncode=U2025 "HTTP/1.1 200 OK"
16:31:42 INFO    HTTP Request: GET https://live.euroleague.net/api/Points?gamecode=77&seasoncode=U2025 "HTTP/1.1 200 OK"
16:31:46 INFO    HTTP Request: GET https://api-live.euroleague.net/v2/competitions/U/seasons/U2025/games/78/stats "HTTP/1.1 200 OK"
16:31:50 INFO    HTTP Request: GET https://live.euroleague.net/api/PlayByPlay?gamecode=78&seasoncode=U2025 "HTTP/1.1 200 OK"
16:31:54 INFO    HTTP Request: GET https://live.euroleague.net/api/Points?gamecode=78&seasoncode=U2025 "HTTP/1.1 200 OK"
16:31:58 INFO    HTTP Request: GET https://api-live.euroleague.net/v2/competitions/U/seasons/U2025/games/79/stats "HTTP/1.1 200 OK"
16:32:02 INFO    HTTP Request: GET https://live.euroleague.net/api/PlayByPlay?gamecode=79&seasoncode=U2025 "HTTP/1.1 200 OK"
16:32:06 INFO    HTTP Request: GET https://live.euroleague.net/api/Points?gamecode=79&seasoncode=U2025 "HTTP/1.1 200 OK"
16:32:10 INFO    HTTP Request: GET https://api-live.euroleague.net/v2/competitions/U/seasons/U2025/games/80/stats "HTTP/1.1 200 OK"
16:32:14 INFO    HTTP Request: GET https://live.euroleague.net/api/PlayByPlay?gamecode=80&seasoncode=U2025 "HTTP/1.1 200 OK"
16:32:18 INFO    HTTP Request: GET https://live.euroleague.net/api/Points?gamecode=80&seasoncode=U2025 "HTTP/1.1 200 OK"
16:32:22 INFO    HTTP Request: GET https://api-live.euroleague.net/v2/competitions/U/seasons/U2025/games/81/stats "HTTP/1.1 200 OK"
16:32:26 INFO    HTTP Request: GET https://live.euroleague.net/api/PlayByPlay?gamecode=81&seasoncode=U2025 "HTTP/1.1 200 OK"
16:32:30 INFO    HTTP Request: GET https://live.euroleague.net/api/Points?gamecode=81&seasoncode=U2025 "HTTP/1.1 200 OK"
16:32:34 INFO    HTTP Request: GET https://api-live.euroleague.net/v2/competitions/U/seasons/U2025/games/82/stats "HTTP/1.1 200 OK"
16:32:38 INFO    HTTP Request: GET https://live.euroleague.net/api/PlayByPlay?gamecode=82&seasoncode=U2025 "HTTP/1.1 200 OK"
16:32:42 INFO    HTTP Request: GET https://live.euroleague.net/api/Points?gamecode=82&seasoncode=U2025 "HTTP/1.1 200 OK"
16:32:46 INFO    HTTP Request: GET https://api-live.euroleague.net/v2/competitions/U/seasons/U2025/games/83/stats "HTTP/1.1 200 OK"
16:32:50 INFO    HTTP Request: GET https://live.euroleague.net/api/PlayByPlay?gamecode=83&seasoncode=U2025 "HTTP/1.1 200 OK"
16:32:54 INFO    HTTP Request: GET https://live.euroleague.net/api/Points?gamecode=83&seasoncode=U2025 "HTTP/1.1 200 OK"
16:32:58 INFO    HTTP Request: GET https://api-live.euroleague.net/v2/competitions/U/seasons/U2025/games/84/stats "HTTP/1.1 200 OK"
16:33:02 INFO    HTTP Request: GET https://live.euroleague.net/api/PlayByPlay?gamecode=84&seasoncode=U2025 "HTTP/1.1 200 OK"
16:33:06 INFO    HTTP Request: GET https://live.euroleague.net/api/Points?gamecode=84&seasoncode=U2025 "HTTP/1.1 200 OK"
16:33:10 INFO    HTTP Request: GET https://api-live.euroleague.net/v2/competitions/U/seasons/U2025/games/85/stats "HTTP/1.1 200 OK"
16:33:14 INFO    HTTP Request: GET https://live.euroleague.net/api/PlayByPlay?gamecode=85&seasoncode=U2025 "HTTP/1.1 200 OK"
16:33:18 INFO    HTTP Request: GET https://live.euroleague.net/api/Points?gamecode=85&seasoncode=U2025 "HTTP/1.1 200 OK"
16:33:22 INFO    HTTP Request: GET https://api-live.euroleague.net/v2/competitions/U/seasons/U2025/games/86/stats "HTTP/1.1 200 OK"
16:33:26 INFO    HTTP Request: GET https://live.euroleague.net/api/PlayByPlay?gamecode=86&seasoncode=U2025 "HTTP/1.1 200 OK"
16:33:30 INFO    HTTP Request: GET https://live.euroleague.net/api/Points?gamecode=86&seasoncode=U2025 "HTTP/1.1 200 OK"
16:33:34 INFO    HTTP Request: GET https://api-live.euroleague.net/v2/competitions/U/seasons/U2025/games/87/stats "HTTP/1.1 200 OK"
16:33:38 INFO    HTTP Request: GET https://live.euroleague.net/api/PlayByPlay?gamecode=87&seasoncode=U2025 "HTTP/1.1 200 OK"
16:33:42 INFO    HTTP Request: GET https://live.euroleague.net/api/Points?gamecode=87&seasoncode=U2025 "HTTP/1.1 200 OK"
16:33:46 INFO    HTTP Request: GET https://api-live.euroleague.net/v2/competitions/U/seasons/U2025/games/88/stats "HTTP/1.1 200 OK"
16:33:50 INFO    HTTP Request: GET https://live.euroleague.net/api/PlayByPlay?gamecode=88&seasoncode=U2025 "HTTP/1.1 200 OK"
16:33:54 INFO    HTTP Request: GET https://live.euroleague.net/api/Points?gamecode=88&seasoncode=U2025 "HTTP/1.1 200 OK"
16:33:58 INFO    HTTP Request: GET https://api-live.euroleague.net/v2/competitions/U/seasons/U2025/games/89/stats "HTTP/1.1 200 OK"
16:34:02 INFO    HTTP Request: GET https://live.euroleague.net/api/PlayByPlay?gamecode=89&seasoncode=U2025 "HTTP/1.1 200 OK"
16:34:06 INFO    HTTP Request: GET https://live.euroleague.net/api/Points?gamecode=89&seasoncode=U2025 "HTTP/1.1 200 OK"
16:34:10 INFO    HTTP Request: GET https://api-live.euroleague.net/v2/competitions/U/seasons/U2025/games/90/stats "HTTP/1.1 200 OK"
16:34:14 INFO    HTTP Request: GET https://live.euroleague.net/api/PlayByPlay?gamecode=90&seasoncode=U2025 "HTTP/1.1 200 OK"
16:34:18 INFO    HTTP Request: GET https://live.euroleague.net/api/Points?gamecode=90&seasoncode=U2025 "HTTP/1.1 200 OK"
16:34:22 INFO    HTTP Request: GET https://api-live.euroleague.net/v2/competitions/U/seasons/U2025/games/91/stats "HTTP/1.1 200 OK"
16:34:26 INFO    HTTP Request: GET https://live.euroleague.net/api/PlayByPlay?gamecode=91&seasoncode=U2025 "HTTP/1.1 200 OK"
16:34:30 INFO    HTTP Request: GET https://live.euroleague.net/api/Points?gamecode=91&seasoncode=U2025 "HTTP/1.1 200 OK"
16:34:34 INFO    HTTP Request: GET https://api-live.euroleague.net/v2/competitions/U/seasons/U2025/games/92/stats "HTTP/1.1 200 OK"
16:34:38 INFO    HTTP Request: GET https://live.euroleague.net/api/PlayByPlay?gamecode=92&seasoncode=U2025 "HTTP/1.1 200 OK"
16:34:42 INFO    HTTP Request: GET https://live.euroleague.net/api/Points?gamecode=92&seasoncode=U2025 "HTTP/1.1 200 OK"
16:34:46 INFO    HTTP Request: GET https://api-live.euroleague.net/v2/competitions/U/seasons/U2025/games/93/stats "HTTP/1.1 200 OK"
16:34:50 INFO    HTTP Request: GET https://live.euroleague.net/api/PlayByPlay?gamecode=93&seasoncode=U2025 "HTTP/1.1 200 OK"
16:34:54 INFO    HTTP Request: GET https://live.euroleague.net/api/Points?gamecode=93&seasoncode=U2025 "HTTP/1.1 200 OK"
16:34:58 INFO    HTTP Request: GET https://api-live.euroleague.net/v2/competitions/U/seasons/U2025/games/94/stats "HTTP/1.1 200 OK"
16:35:03 INFO    HTTP Request: GET https://live.euroleague.net/api/PlayByPlay?gamecode=94&seasoncode=U2025 "HTTP/1.1 200 OK"
16:35:06 INFO    HTTP Request: GET https://live.euroleague.net/api/Points?gamecode=94&seasoncode=U2025 "HTTP/1.1 200 OK"
16:35:10 INFO    HTTP Request: GET https://api-live.euroleague.net/v2/competitions/U/seasons/U2025/games/95/stats "HTTP/1.1 200 OK"
16:35:15 INFO    HTTP Request: GET https://live.euroleague.net/api/PlayByPlay?gamecode=95&seasoncode=U2025 "HTTP/1.1 200 OK"
16:35:18 INFO    HTTP Request: GET https://live.euroleague.net/api/Points?gamecode=95&seasoncode=U2025 "HTTP/1.1 200 OK"
16:35:22 INFO    HTTP Request: GET https://api-live.euroleague.net/v2/competitions/U/seasons/U2025/games/96/stats "HTTP/1.1 200 OK"
16:35:26 INFO    HTTP Request: GET https://live.euroleague.net/api/PlayByPlay?gamecode=96&seasoncode=U2025 "HTTP/1.1 200 OK"
16:35:30 INFO    HTTP Request: GET https://live.euroleague.net/api/Points?gamecode=96&seasoncode=U2025 "HTTP/1.1 200 OK"
16:35:34 INFO    HTTP Request: GET https://api-live.euroleague.net/v2/competitions/U/seasons/U2025/games/97/stats "HTTP/1.1 200 OK"
16:35:38 INFO    HTTP Request: GET https://live.euroleague.net/api/PlayByPlay?gamecode=97&seasoncode=U2025 "HTTP/1.1 200 OK"
16:35:42 INFO    HTTP Request: GET https://live.euroleague.net/api/Points?gamecode=97&seasoncode=U2025 "HTTP/1.1 200 OK"
16:35:46 INFO    HTTP Request: GET https://api-live.euroleague.net/v2/competitions/U/seasons/U2025/games/98/stats "HTTP/1.1 200 OK"
16:35:50 INFO    HTTP Request: GET https://live.euroleague.net/api/PlayByPlay?gamecode=98&seasoncode=U2025 "HTTP/1.1 200 OK"
16:35:54 INFO    HTTP Request: GET https://live.euroleague.net/api/Points?gamecode=98&seasoncode=U2025 "HTTP/1.1 200 OK"
16:35:58 INFO    HTTP Request: GET https://api-live.euroleague.net/v2/competitions/U/seasons/U2025/games/99/stats "HTTP/1.1 200 OK"
16:36:02 INFO    HTTP Request: GET https://live.euroleague.net/api/PlayByPlay?gamecode=99&seasoncode=U2025 "HTTP/1.1 200 OK"
16:36:06 INFO    HTTP Request: GET https://live.euroleague.net/api/Points?gamecode=99&seasoncode=U2025 "HTTP/1.1 200 OK"
16:36:10 INFO    HTTP Request: GET https://api-live.euroleague.net/v2/competitions/U/seasons/U2025/games/100/stats "HTTP/1.1 200 OK"
16:36:15 INFO    HTTP Request: GET https://live.euroleague.net/api/PlayByPlay?gamecode=100&seasoncode=U2025 "HTTP/1.1 200 OK"
16:36:19 INFO    HTTP Request: GET https://live.euroleague.net/api/Points?gamecode=100&seasoncode=U2025 "HTTP/1.1 200 OK"
16:36:19 INFO    U2025 100/195 games | 304 requests, 0 cached, 0 rate-limits, 1196.4s slept
16:36:22 INFO    HTTP Request: GET https://api-live.euroleague.net/v2/competitions/U/seasons/U2025/games/101/stats "HTTP/1.1 200 OK"
16:36:27 INFO    HTTP Request: GET https://live.euroleague.net/api/PlayByPlay?gamecode=101&seasoncode=U2025 "HTTP/1.1 200 OK"
16:36:30 INFO    HTTP Request: GET https://live.euroleague.net/api/Points?gamecode=101&seasoncode=U2025 "HTTP/1.1 200 OK"
16:36:34 INFO    HTTP Request: GET https://api-live.euroleague.net/v2/competitions/U/seasons/U2025/games/102/stats "HTTP/1.1 200 OK"
16:36:39 INFO    HTTP Request: GET https://live.euroleague.net/api/PlayByPlay?gamecode=102&seasoncode=U2025 "HTTP/1.1 200 OK"
16:36:42 INFO    HTTP Request: GET https://live.euroleague.net/api/Points?gamecode=102&seasoncode=U2025 "HTTP/1.1 200 OK"
16:36:46 INFO    HTTP Request: GET https://api-live.euroleague.net/v2/competitions/U/seasons/U2025/games/103/stats "HTTP/1.1 200 OK"
16:36:51 INFO    HTTP Request: GET https://live.euroleague.net/api/PlayByPlay?gamecode=103&seasoncode=U2025 "HTTP/1.1 200 OK"
16:36:54 INFO    HTTP Request: GET https://live.euroleague.net/api/Points?gamecode=103&seasoncode=U2025 "HTTP/1.1 200 OK"
16:36:58 INFO    HTTP Request: GET https://api-live.euroleague.net/v2/competitions/U/seasons/U2025/games/104/stats "HTTP/1.1 200 OK"
16:37:03 INFO    HTTP Request: GET https://live.euroleague.net/api/PlayByPlay?gamecode=104&seasoncode=U2025 "HTTP/1.1 200 OK"
16:37:06 INFO    HTTP Request: GET https://live.euroleague.net/api/Points?gamecode=104&seasoncode=U2025 "HTTP/1.1 200 OK"
16:37:10 INFO    HTTP Request: GET https://api-live.euroleague.net/v2/competitions/U/seasons/U2025/games/105/stats "HTTP/1.1 200 OK"
16:37:15 INFO    HTTP Request: GET https://live.euroleague.net/api/PlayByPlay?gamecode=105&seasoncode=U2025 "HTTP/1.1 200 OK"
16:37:19 INFO    HTTP Request: GET https://live.euroleague.net/api/Points?gamecode=105&seasoncode=U2025 "HTTP/1.1 200 OK"
16:37:22 INFO    HTTP Request: GET https://api-live.euroleague.net/v2/competitions/U/seasons/U2025/games/106/stats "HTTP/1.1 200 OK"
16:37:27 INFO    HTTP Request: GET https://live.euroleague.net/api/PlayByPlay?gamecode=106&seasoncode=U2025 "HTTP/1.1 200 OK"
16:37:30 INFO    HTTP Request: GET https://live.euroleague.net/api/Points?gamecode=106&seasoncode=U2025 "HTTP/1.1 200 OK"
16:37:34 INFO    HTTP Request: GET https://api-live.euroleague.net/v2/competitions/U/seasons/U2025/games/107/stats "HTTP/1.1 200 OK"
16:37:39 INFO    HTTP Request: GET https://live.euroleague.net/api/PlayByPlay?gamecode=107&seasoncode=U2025 "HTTP/1.1 200 OK"
16:37:42 INFO    HTTP Request: GET https://live.euroleague.net/api/Points?gamecode=107&seasoncode=U2025 "HTTP/1.1 200 OK"
16:37:46 INFO    HTTP Request: GET https://api-live.euroleague.net/v2/competitions/U/seasons/U2025/games/108/stats "HTTP/1.1 200 OK"
16:37:51 INFO    HTTP Request: GET https://live.euroleague.net/api/PlayByPlay?gamecode=108&seasoncode=U2025 "HTTP/1.1 200 OK"
16:37:54 INFO    HTTP Request: GET https://live.euroleague.net/api/Points?gamecode=108&seasoncode=U2025 "HTTP/1.1 200 OK"
16:37:58 INFO    HTTP Request: GET https://api-live.euroleague.net/v2/competitions/U/seasons/U2025/games/109/stats "HTTP/1.1 200 OK"
16:38:03 INFO    HTTP Request: GET https://live.euroleague.net/api/PlayByPlay?gamecode=109&seasoncode=U2025 "HTTP/1.1 200 OK"
16:38:07 INFO    HTTP Request: GET https://live.euroleague.net/api/Points?gamecode=109&seasoncode=U2025 "HTTP/1.1 200 OK"
16:38:10 INFO    HTTP Request: GET https://api-live.euroleague.net/v2/competitions/U/seasons/U2025/games/110/stats "HTTP/1.1 200 OK"
16:38:15 INFO    HTTP Request: GET https://live.euroleague.net/api/PlayByPlay?gamecode=110&seasoncode=U2025 "HTTP/1.1 200 OK"
16:38:19 INFO    HTTP Request: GET https://live.euroleague.net/api/Points?gamecode=110&seasoncode=U2025 "HTTP/1.1 200 OK"
16:38:22 INFO    HTTP Request: GET https://api-live.euroleague.net/v2/competitions/U/seasons/U2025/games/111/stats "HTTP/1.1 200 OK"
16:38:27 INFO    HTTP Request: GET https://live.euroleague.net/api/PlayByPlay?gamecode=111&seasoncode=U2025 "HTTP/1.1 200 OK"
16:38:31 INFO    HTTP Request: GET https://live.euroleague.net/api/Points?gamecode=111&seasoncode=U2025 "HTTP/1.1 200 OK"
16:38:34 INFO    HTTP Request: GET https://api-live.euroleague.net/v2/competitions/U/seasons/U2025/games/112/stats "HTTP/1.1 200 OK"
16:38:39 INFO    HTTP Request: GET https://live.euroleague.net/api/PlayByPlay?gamecode=112&seasoncode=U2025 "HTTP/1.1 200 OK"
16:38:43 INFO    HTTP Request: GET https://live.euroleague.net/api/Points?gamecode=112&seasoncode=U2025 "HTTP/1.1 200 OK"
16:38:46 INFO    HTTP Request: GET https://api-live.euroleague.net/v2/competitions/U/seasons/U2025/games/113/stats "HTTP/1.1 200 OK"
16:38:51 INFO    HTTP Request: GET https://live.euroleague.net/api/PlayByPlay?gamecode=113&seasoncode=U2025 "HTTP/1.1 200 OK"
16:38:54 INFO    HTTP Request: GET https://live.euroleague.net/api/Points?gamecode=113&seasoncode=U2025 "HTTP/1.1 200 OK"
16:38:58 INFO    HTTP Request: GET https://api-live.euroleague.net/v2/competitions/U/seasons/U2025/games/114/stats "HTTP/1.1 200 OK"
16:39:03 INFO    HTTP Request: GET https://live.euroleague.net/api/PlayByPlay?gamecode=114&seasoncode=U2025 "HTTP/1.1 200 OK"
16:39:07 INFO    HTTP Request: GET https://live.euroleague.net/api/Points?gamecode=114&seasoncode=U2025 "HTTP/1.1 200 OK"
16:39:10 INFO    HTTP Request: GET https://api-live.euroleague.net/v2/competitions/U/seasons/U2025/games/115/stats "HTTP/1.1 200 OK"
16:39:15 INFO    HTTP Request: GET https://live.euroleague.net/api/PlayByPlay?gamecode=115&seasoncode=U2025 "HTTP/1.1 200 OK"
16:39:19 INFO    HTTP Request: GET https://live.euroleague.net/api/Points?gamecode=115&seasoncode=U2025 "HTTP/1.1 200 OK"
16:39:22 INFO    HTTP Request: GET https://api-live.euroleague.net/v2/competitions/U/seasons/U2025/games/116/stats "HTTP/1.1 200 OK"
16:39:27 INFO    HTTP Request: GET https://live.euroleague.net/api/PlayByPlay?gamecode=116&seasoncode=U2025 "HTTP/1.1 200 OK"
16:39:31 INFO    HTTP Request: GET https://live.euroleague.net/api/Points?gamecode=116&seasoncode=U2025 "HTTP/1.1 200 OK"
16:39:34 INFO    HTTP Request: GET https://api-live.euroleague.net/v2/competitions/U/seasons/U2025/games/117/stats "HTTP/1.1 200 OK"
16:39:39 INFO    HTTP Request: GET https://live.euroleague.net/api/PlayByPlay?gamecode=117&seasoncode=U2025 "HTTP/1.1 200 OK"
16:39:42 INFO    HTTP Request: GET https://live.euroleague.net/api/Points?gamecode=117&seasoncode=U2025 "HTTP/1.1 200 OK"
16:39:46 INFO    HTTP Request: GET https://api-live.euroleague.net/v2/competitions/U/seasons/U2025/games/118/stats "HTTP/1.1 200 OK"
16:39:51 INFO    HTTP Request: GET https://live.euroleague.net/api/PlayByPlay?gamecode=118&seasoncode=U2025 "HTTP/1.1 200 OK"
16:39:55 INFO    HTTP Request: GET https://live.euroleague.net/api/Points?gamecode=118&seasoncode=U2025 "HTTP/1.1 200 OK"
16:39:58 INFO    HTTP Request: GET https://api-live.euroleague.net/v2/competitions/U/seasons/U2025/games/119/stats "HTTP/1.1 200 OK"
16:40:03 INFO    HTTP Request: GET https://live.euroleague.net/api/PlayByPlay?gamecode=119&seasoncode=U2025 "HTTP/1.1 200 OK"
16:40:07 INFO    HTTP Request: GET https://live.euroleague.net/api/Points?gamecode=119&seasoncode=U2025 "HTTP/1.1 200 OK"
16:40:10 INFO    HTTP Request: GET https://api-live.euroleague.net/v2/competitions/U/seasons/U2025/games/120/stats "HTTP/1.1 200 OK"
16:40:15 INFO    HTTP Request: GET https://live.euroleague.net/api/PlayByPlay?gamecode=120&seasoncode=U2025 "HTTP/1.1 200 OK"
16:40:19 INFO    HTTP Request: GET https://live.euroleague.net/api/Points?gamecode=120&seasoncode=U2025 "HTTP/1.1 200 OK"
16:40:22 INFO    HTTP Request: GET https://api-live.euroleague.net/v2/competitions/U/seasons/U2025/games/121/stats "HTTP/1.1 200 OK"
16:40:27 INFO    HTTP Request: GET https://live.euroleague.net/api/PlayByPlay?gamecode=121&seasoncode=U2025 "HTTP/1.1 200 OK"
16:40:31 INFO    HTTP Request: GET https://live.euroleague.net/api/Points?gamecode=121&seasoncode=U2025 "HTTP/1.1 200 OK"
16:40:34 INFO    HTTP Request: GET https://api-live.euroleague.net/v2/competitions/U/seasons/U2025/games/122/stats "HTTP/1.1 200 OK"
16:40:39 INFO    HTTP Request: GET https://live.euroleague.net/api/PlayByPlay?gamecode=122&seasoncode=U2025 "HTTP/1.1 200 OK"
16:40:43 INFO    HTTP Request: GET https://live.euroleague.net/api/Points?gamecode=122&seasoncode=U2025 "HTTP/1.1 200 OK"
16:40:47 INFO    HTTP Request: GET https://api-live.euroleague.net/v2/competitions/U/seasons/U2025/games/123/stats "HTTP/1.1 200 OK"
16:40:51 INFO    HTTP Request: GET https://live.euroleague.net/api/PlayByPlay?gamecode=123&seasoncode=U2025 "HTTP/1.1 200 OK"
16:40:55 INFO    HTTP Request: GET https://live.euroleague.net/api/Points?gamecode=123&seasoncode=U2025 "HTTP/1.1 200 OK"
16:40:59 INFO    HTTP Request: GET https://api-live.euroleague.net/v2/competitions/U/seasons/U2025/games/124/stats "HTTP/1.1 200 OK"
16:41:03 INFO    HTTP Request: GET https://live.euroleague.net/api/PlayByPlay?gamecode=124&seasoncode=U2025 "HTTP/1.1 200 OK"
16:41:07 INFO    HTTP Request: GET https://live.euroleague.net/api/Points?gamecode=124&seasoncode=U2025 "HTTP/1.1 200 OK"
16:41:10 INFO    HTTP Request: GET https://api-live.euroleague.net/v2/competitions/U/seasons/U2025/games/125/stats "HTTP/1.1 200 OK"
16:41:15 INFO    HTTP Request: GET https://live.euroleague.net/api/PlayByPlay?gamecode=125&seasoncode=U2025 "HTTP/1.1 200 OK"
16:41:19 INFO    HTTP Request: GET https://live.euroleague.net/api/Points?gamecode=125&seasoncode=U2025 "HTTP/1.1 200 OK"
16:41:19 INFO    U2025 125/195 games | 379 requests, 0 cached, 0 rate-limits, 1446.9s slept
16:41:22 INFO    HTTP Request: GET https://api-live.euroleague.net/v2/competitions/U/seasons/U2025/games/126/stats "HTTP/1.1 200 OK"
16:41:27 INFO    HTTP Request: GET https://live.euroleague.net/api/PlayByPlay?gamecode=126&seasoncode=U2025 "HTTP/1.1 200 OK"
16:41:31 INFO    HTTP Request: GET https://live.euroleague.net/api/Points?gamecode=126&seasoncode=U2025 "HTTP/1.1 200 OK"
16:41:34 INFO    HTTP Request: GET https://api-live.euroleague.net/v2/competitions/U/seasons/U2025/games/127/stats "HTTP/1.1 200 OK"
16:41:39 INFO    HTTP Request: GET https://live.euroleague.net/api/PlayByPlay?gamecode=127&seasoncode=U2025 "HTTP/1.1 200 OK"
16:41:43 INFO    HTTP Request: GET https://live.euroleague.net/api/Points?gamecode=127&seasoncode=U2025 "HTTP/1.1 200 OK"
16:41:47 INFO    HTTP Request: GET https://api-live.euroleague.net/v2/competitions/U/seasons/U2025/games/128/stats "HTTP/1.1 200 OK"
16:41:51 INFO    HTTP Request: GET https://live.euroleague.net/api/PlayByPlay?gamecode=128&seasoncode=U2025 "HTTP/1.1 200 OK"
16:41:55 INFO    HTTP Request: GET https://live.euroleague.net/api/Points?gamecode=128&seasoncode=U2025 "HTTP/1.1 200 OK"
16:41:58 INFO    HTTP Request: GET https://api-live.euroleague.net/v2/competitions/U/seasons/U2025/games/129/stats "HTTP/1.1 200 OK"
16:42:03 INFO    HTTP Request: GET https://live.euroleague.net/api/PlayByPlay?gamecode=129&seasoncode=U2025 "HTTP/1.1 200 OK"
16:42:07 INFO    HTTP Request: GET https://live.euroleague.net/api/Points?gamecode=129&seasoncode=U2025 "HTTP/1.1 200 OK"
16:42:10 INFO    HTTP Request: GET https://api-live.euroleague.net/v2/competitions/U/seasons/U2025/games/130/stats "HTTP/1.1 200 OK"
16:42:15 INFO    HTTP Request: GET https://live.euroleague.net/api/PlayByPlay?gamecode=130&seasoncode=U2025 "HTTP/1.1 200 OK"
16:42:19 INFO    HTTP Request: GET https://live.euroleague.net/api/Points?gamecode=130&seasoncode=U2025 "HTTP/1.1 200 OK"
16:42:23 INFO    HTTP Request: GET https://api-live.euroleague.net/v2/competitions/U/seasons/U2025/games/131/stats "HTTP/1.1 200 OK"
16:42:27 INFO    HTTP Request: GET https://live.euroleague.net/api/PlayByPlay?gamecode=131&seasoncode=U2025 "HTTP/1.1 200 OK"
16:42:31 INFO    HTTP Request: GET https://live.euroleague.net/api/Points?gamecode=131&seasoncode=U2025 "HTTP/1.1 200 OK"
16:42:34 INFO    HTTP Request: GET https://api-live.euroleague.net/v2/competitions/U/seasons/U2025/games/132/stats "HTTP/1.1 200 OK"
16:42:39 INFO    HTTP Request: GET https://live.euroleague.net/api/PlayByPlay?gamecode=132&seasoncode=U2025 "HTTP/1.1 200 OK"
16:42:43 INFO    HTTP Request: GET https://live.euroleague.net/api/Points?gamecode=132&seasoncode=U2025 "HTTP/1.1 200 OK"
16:42:46 INFO    HTTP Request: GET https://api-live.euroleague.net/v2/competitions/U/seasons/U2025/games/133/stats "HTTP/1.1 200 OK"
16:42:51 INFO    HTTP Request: GET https://live.euroleague.net/api/PlayByPlay?gamecode=133&seasoncode=U2025 "HTTP/1.1 200 OK"
16:42:55 INFO    HTTP Request: GET https://live.euroleague.net/api/Points?gamecode=133&seasoncode=U2025 "HTTP/1.1 200 OK"
16:42:58 INFO    HTTP Request: GET https://api-live.euroleague.net/v2/competitions/U/seasons/U2025/games/134/stats "HTTP/1.1 200 OK"
16:43:03 INFO    HTTP Request: GET https://live.euroleague.net/api/PlayByPlay?gamecode=134&seasoncode=U2025 "HTTP/1.1 200 OK"
16:43:07 INFO    HTTP Request: GET https://live.euroleague.net/api/Points?gamecode=134&seasoncode=U2025 "HTTP/1.1 200 OK"
16:43:11 INFO    HTTP Request: GET https://api-live.euroleague.net/v2/competitions/U/seasons/U2025/games/135/stats "HTTP/1.1 200 OK"
16:43:15 INFO    HTTP Request: GET https://live.euroleague.net/api/PlayByPlay?gamecode=135&seasoncode=U2025 "HTTP/1.1 200 OK"
16:43:19 INFO    HTTP Request: GET https://live.euroleague.net/api/Points?gamecode=135&seasoncode=U2025 "HTTP/1.1 200 OK"
16:43:22 INFO    HTTP Request: GET https://api-live.euroleague.net/v2/competitions/U/seasons/U2025/games/136/stats "HTTP/1.1 200 OK"
16:43:27 INFO    HTTP Request: GET https://live.euroleague.net/api/PlayByPlay?gamecode=136&seasoncode=U2025 "HTTP/1.1 200 OK"
16:43:31 INFO    HTTP Request: GET https://live.euroleague.net/api/Points?gamecode=136&seasoncode=U2025 "HTTP/1.1 200 OK"
16:43:35 INFO    HTTP Request: GET https://api-live.euroleague.net/v2/competitions/U/seasons/U2025/games/137/stats "HTTP/1.1 200 OK"
16:43:39 INFO    HTTP Request: GET https://live.euroleague.net/api/PlayByPlay?gamecode=137&seasoncode=U2025 "HTTP/1.1 200 OK"
16:43:43 INFO    HTTP Request: GET https://live.euroleague.net/api/Points?gamecode=137&seasoncode=U2025 "HTTP/1.1 200 OK"
16:43:47 INFO    HTTP Request: GET https://api-live.euroleague.net/v2/competitions/U/seasons/U2025/games/138/stats "HTTP/1.1 200 OK"
16:43:51 INFO    HTTP Request: GET https://live.euroleague.net/api/PlayByPlay?gamecode=138&seasoncode=U2025 "HTTP/1.1 200 OK"
16:43:55 INFO    HTTP Request: GET https://live.euroleague.net/api/Points?gamecode=138&seasoncode=U2025 "HTTP/1.1 200 OK"
16:43:59 INFO    HTTP Request: GET https://api-live.euroleague.net/v2/competitions/U/seasons/U2025/games/139/stats "HTTP/1.1 200 OK"
16:44:03 INFO    HTTP Request: GET https://live.euroleague.net/api/PlayByPlay?gamecode=139&seasoncode=U2025 "HTTP/1.1 200 OK"
16:44:07 INFO    HTTP Request: GET https://live.euroleague.net/api/Points?gamecode=139&seasoncode=U2025 "HTTP/1.1 200 OK"
16:44:11 INFO    HTTP Request: GET https://api-live.euroleague.net/v2/competitions/U/seasons/U2025/games/140/stats "HTTP/1.1 200 OK"
16:44:15 INFO    HTTP Request: GET https://live.euroleague.net/api/PlayByPlay?gamecode=140&seasoncode=U2025 "HTTP/1.1 200 OK"
16:44:19 INFO    HTTP Request: GET https://live.euroleague.net/api/Points?gamecode=140&seasoncode=U2025 "HTTP/1.1 200 OK"
16:44:23 INFO    HTTP Request: GET https://api-live.euroleague.net/v2/competitions/U/seasons/U2025/games/141/stats "HTTP/1.1 200 OK"
16:44:27 INFO    HTTP Request: GET https://live.euroleague.net/api/PlayByPlay?gamecode=141&seasoncode=U2025 "HTTP/1.1 200 OK"
16:44:31 INFO    HTTP Request: GET https://live.euroleague.net/api/Points?gamecode=141&seasoncode=U2025 "HTTP/1.1 200 OK"
16:44:35 INFO    HTTP Request: GET https://api-live.euroleague.net/v2/competitions/U/seasons/U2025/games/142/stats "HTTP/1.1 200 OK"
16:44:39 INFO    HTTP Request: GET https://live.euroleague.net/api/PlayByPlay?gamecode=142&seasoncode=U2025 "HTTP/1.1 200 OK"
16:44:43 INFO    HTTP Request: GET https://live.euroleague.net/api/Points?gamecode=142&seasoncode=U2025 "HTTP/1.1 200 OK"
16:44:47 INFO    HTTP Request: GET https://api-live.euroleague.net/v2/competitions/U/seasons/U2025/games/143/stats "HTTP/1.1 200 OK"
16:44:51 INFO    HTTP Request: GET https://live.euroleague.net/api/PlayByPlay?gamecode=143&seasoncode=U2025 "HTTP/1.1 200 OK"
16:44:55 INFO    HTTP Request: GET https://live.euroleague.net/api/Points?gamecode=143&seasoncode=U2025 "HTTP/1.1 200 OK"
16:44:59 INFO    HTTP Request: GET https://api-live.euroleague.net/v2/competitions/U/seasons/U2025/games/144/stats "HTTP/1.1 200 OK"
16:45:03 INFO    HTTP Request: GET https://live.euroleague.net/api/PlayByPlay?gamecode=144&seasoncode=U2025 "HTTP/1.1 200 OK"
16:45:07 INFO    HTTP Request: GET https://live.euroleague.net/api/Points?gamecode=144&seasoncode=U2025 "HTTP/1.1 200 OK"
16:45:11 INFO    HTTP Request: GET https://api-live.euroleague.net/v2/competitions/U/seasons/U2025/games/145/stats "HTTP/1.1 200 OK"
16:45:15 INFO    HTTP Request: GET https://live.euroleague.net/api/PlayByPlay?gamecode=145&seasoncode=U2025 "HTTP/1.1 200 OK"
16:45:19 INFO    HTTP Request: GET https://live.euroleague.net/api/Points?gamecode=145&seasoncode=U2025 "HTTP/1.1 200 OK"
16:45:23 INFO    HTTP Request: GET https://api-live.euroleague.net/v2/competitions/U/seasons/U2025/games/146/stats "HTTP/1.1 200 OK"
16:45:27 INFO    HTTP Request: GET https://live.euroleague.net/api/PlayByPlay?gamecode=146&seasoncode=U2025 "HTTP/1.1 200 OK"
16:45:31 INFO    HTTP Request: GET https://live.euroleague.net/api/Points?gamecode=146&seasoncode=U2025 "HTTP/1.1 200 OK"
16:45:35 INFO    HTTP Request: GET https://api-live.euroleague.net/v2/competitions/U/seasons/U2025/games/147/stats "HTTP/1.1 200 OK"
16:45:39 INFO    HTTP Request: GET https://live.euroleague.net/api/PlayByPlay?gamecode=147&seasoncode=U2025 "HTTP/1.1 200 OK"
16:45:43 INFO    HTTP Request: GET https://live.euroleague.net/api/Points?gamecode=147&seasoncode=U2025 "HTTP/1.1 200 OK"
16:45:47 INFO    HTTP Request: GET https://api-live.euroleague.net/v2/competitions/U/seasons/U2025/games/148/stats "HTTP/1.1 200 OK"
16:45:51 INFO    HTTP Request: GET https://live.euroleague.net/api/PlayByPlay?gamecode=148&seasoncode=U2025 "HTTP/1.1 200 OK"
16:45:55 INFO    HTTP Request: GET https://live.euroleague.net/api/Points?gamecode=148&seasoncode=U2025 "HTTP/1.1 200 OK"
16:45:59 INFO    HTTP Request: GET https://api-live.euroleague.net/v2/competitions/U/seasons/U2025/games/149/stats "HTTP/1.1 200 OK"
16:46:03 INFO    HTTP Request: GET https://live.euroleague.net/api/PlayByPlay?gamecode=149&seasoncode=U2025 "HTTP/1.1 200 OK"
16:46:07 INFO    HTTP Request: GET https://live.euroleague.net/api/Points?gamecode=149&seasoncode=U2025 "HTTP/1.1 200 OK"
16:46:11 INFO    HTTP Request: GET https://api-live.euroleague.net/v2/competitions/U/seasons/U2025/games/150/stats "HTTP/1.1 200 OK"
16:46:15 INFO    HTTP Request: GET https://live.euroleague.net/api/PlayByPlay?gamecode=150&seasoncode=U2025 "HTTP/1.1 200 OK"
16:46:19 INFO    HTTP Request: GET https://live.euroleague.net/api/Points?gamecode=150&seasoncode=U2025 "HTTP/1.1 200 OK"
16:46:19 INFO    U2025 150/195 games | 454 requests, 0 cached, 0 rate-limits, 1699.9s slept
16:46:23 INFO    HTTP Request: GET https://api-live.euroleague.net/v2/competitions/U/seasons/U2025/games/151/stats "HTTP/1.1 200 OK"
16:46:27 INFO    HTTP Request: GET https://live.euroleague.net/api/PlayByPlay?gamecode=151&seasoncode=U2025 "HTTP/1.1 200 OK"
16:46:31 INFO    HTTP Request: GET https://live.euroleague.net/api/Points?gamecode=151&seasoncode=U2025 "HTTP/1.1 200 OK"
16:46:35 INFO    HTTP Request: GET https://api-live.euroleague.net/v2/competitions/U/seasons/U2025/games/152/stats "HTTP/1.1 200 OK"
16:46:39 INFO    HTTP Request: GET https://live.euroleague.net/api/PlayByPlay?gamecode=152&seasoncode=U2025 "HTTP/1.1 200 OK"
16:46:43 INFO    HTTP Request: GET https://live.euroleague.net/api/Points?gamecode=152&seasoncode=U2025 "HTTP/1.1 200 OK"
16:46:47 INFO    HTTP Request: GET https://api-live.euroleague.net/v2/competitions/U/seasons/U2025/games/153/stats "HTTP/1.1 200 OK"
16:46:52 INFO    HTTP Request: GET https://live.euroleague.net/api/PlayByPlay?gamecode=153&seasoncode=U2025 "HTTP/1.1 200 OK"
16:46:56 INFO    HTTP Request: GET https://live.euroleague.net/api/Points?gamecode=153&seasoncode=U2025 "HTTP/1.1 200 OK"
16:46:59 INFO    HTTP Request: GET https://api-live.euroleague.net/v2/competitions/U/seasons/U2025/games/154/stats "HTTP/1.1 200 OK"
16:47:03 INFO    HTTP Request: GET https://live.euroleague.net/api/PlayByPlay?gamecode=154&seasoncode=U2025 "HTTP/1.1 200 OK"
16:47:07 INFO    HTTP Request: GET https://live.euroleague.net/api/Points?gamecode=154&seasoncode=U2025 "HTTP/1.1 200 OK"
16:47:11 INFO    HTTP Request: GET https://api-live.euroleague.net/v2/competitions/U/seasons/U2025/games/155/stats "HTTP/1.1 200 OK"
16:47:15 INFO    HTTP Request: GET https://live.euroleague.net/api/PlayByPlay?gamecode=155&seasoncode=U2025 "HTTP/1.1 200 OK"
16:47:19 INFO    HTTP Request: GET https://live.euroleague.net/api/Points?gamecode=155&seasoncode=U2025 "HTTP/1.1 200 OK"
16:47:23 INFO    HTTP Request: GET https://api-live.euroleague.net/v2/competitions/U/seasons/U2025/games/156/stats "HTTP/1.1 200 OK"
16:47:28 INFO    HTTP Request: GET https://live.euroleague.net/api/PlayByPlay?gamecode=156&seasoncode=U2025 "HTTP/1.1 200 OK"
16:47:31 INFO    HTTP Request: GET https://live.euroleague.net/api/Points?gamecode=156&seasoncode=U2025 "HTTP/1.1 200 OK"
16:47:35 INFO    HTTP Request: GET https://api-live.euroleague.net/v2/competitions/U/seasons/U2025/games/157/stats "HTTP/1.1 200 OK"
16:47:39 INFO    HTTP Request: GET https://live.euroleague.net/api/PlayByPlay?gamecode=157&seasoncode=U2025 "HTTP/1.1 200 OK"
16:47:43 INFO    HTTP Request: GET https://live.euroleague.net/api/Points?gamecode=157&seasoncode=U2025 "HTTP/1.1 200 OK"
16:47:47 INFO    HTTP Request: GET https://api-live.euroleague.net/v2/competitions/U/seasons/U2025/games/158/stats "HTTP/1.1 200 OK"
16:47:52 INFO    HTTP Request: GET https://live.euroleague.net/api/PlayByPlay?gamecode=158&seasoncode=U2025 "HTTP/1.1 200 OK"
16:47:55 INFO    HTTP Request: GET https://live.euroleague.net/api/Points?gamecode=158&seasoncode=U2025 "HTTP/1.1 200 OK"
16:47:59 INFO    HTTP Request: GET https://api-live.euroleague.net/v2/competitions/U/seasons/U2025/games/159/stats "HTTP/1.1 200 OK"
16:48:03 INFO    HTTP Request: GET https://live.euroleague.net/api/PlayByPlay?gamecode=159&seasoncode=U2025 "HTTP/1.1 200 OK"
16:48:07 INFO    HTTP Request: GET https://live.euroleague.net/api/Points?gamecode=159&seasoncode=U2025 "HTTP/1.1 200 OK"
16:48:11 INFO    HTTP Request: GET https://api-live.euroleague.net/v2/competitions/U/seasons/U2025/games/160/stats "HTTP/1.1 200 OK"
16:48:15 INFO    HTTP Request: GET https://live.euroleague.net/api/PlayByPlay?gamecode=160&seasoncode=U2025 "HTTP/1.1 200 OK"
16:48:19 INFO    HTTP Request: GET https://live.euroleague.net/api/Points?gamecode=160&seasoncode=U2025 "HTTP/1.1 200 OK"
16:48:23 INFO    HTTP Request: GET https://api-live.euroleague.net/v2/competitions/U/seasons/U2025/games/161/stats "HTTP/1.1 200 OK"
16:48:27 INFO    HTTP Request: GET https://live.euroleague.net/api/PlayByPlay?gamecode=161&seasoncode=U2025 "HTTP/1.1 200 OK"
16:48:31 INFO    HTTP Request: GET https://live.euroleague.net/api/Points?gamecode=161&seasoncode=U2025 "HTTP/1.1 200 OK"
16:48:35 INFO    HTTP Request: GET https://api-live.euroleague.net/v2/competitions/U/seasons/U2025/games/162/stats "HTTP/1.1 200 OK"
16:48:39 INFO    HTTP Request: GET https://live.euroleague.net/api/PlayByPlay?gamecode=162&seasoncode=U2025 "HTTP/1.1 200 OK"
16:48:43 INFO    HTTP Request: GET https://live.euroleague.net/api/Points?gamecode=162&seasoncode=U2025 "HTTP/1.1 200 OK"
16:48:47 INFO    HTTP Request: GET https://api-live.euroleague.net/v2/competitions/U/seasons/U2025/games/163/stats "HTTP/1.1 200 OK"
16:48:52 INFO    HTTP Request: GET https://live.euroleague.net/api/PlayByPlay?gamecode=163&seasoncode=U2025 "HTTP/1.1 200 OK"
16:48:56 INFO    HTTP Request: GET https://live.euroleague.net/api/Points?gamecode=163&seasoncode=U2025 "HTTP/1.1 200 OK"
16:48:59 INFO    HTTP Request: GET https://api-live.euroleague.net/v2/competitions/U/seasons/U2025/games/164/stats "HTTP/1.1 200 OK"
16:49:04 INFO    HTTP Request: GET https://live.euroleague.net/api/PlayByPlay?gamecode=164&seasoncode=U2025 "HTTP/1.1 200 OK"
16:49:07 INFO    HTTP Request: GET https://live.euroleague.net/api/Points?gamecode=164&seasoncode=U2025 "HTTP/1.1 200 OK"
16:49:11 INFO    HTTP Request: GET https://api-live.euroleague.net/v2/competitions/U/seasons/U2025/games/165/stats "HTTP/1.1 200 OK"
16:49:16 INFO    HTTP Request: GET https://live.euroleague.net/api/PlayByPlay?gamecode=165&seasoncode=U2025 "HTTP/1.1 200 OK"
16:49:19 INFO    HTTP Request: GET https://live.euroleague.net/api/Points?gamecode=165&seasoncode=U2025 "HTTP/1.1 200 OK"
16:49:23 INFO    HTTP Request: GET https://api-live.euroleague.net/v2/competitions/U/seasons/U2025/games/166/stats "HTTP/1.1 200 OK"
16:49:28 INFO    HTTP Request: GET https://live.euroleague.net/api/PlayByPlay?gamecode=166&seasoncode=U2025 "HTTP/1.1 200 OK"
16:49:31 INFO    HTTP Request: GET https://live.euroleague.net/api/Points?gamecode=166&seasoncode=U2025 "HTTP/1.1 200 OK"
16:49:35 INFO    HTTP Request: GET https://api-live.euroleague.net/v2/competitions/U/seasons/U2025/games/167/stats "HTTP/1.1 200 OK"
16:49:40 INFO    HTTP Request: GET https://live.euroleague.net/api/PlayByPlay?gamecode=167&seasoncode=U2025 "HTTP/1.1 200 OK"
16:49:43 INFO    HTTP Request: GET https://live.euroleague.net/api/Points?gamecode=167&seasoncode=U2025 "HTTP/1.1 200 OK"
16:49:47 INFO    HTTP Request: GET https://api-live.euroleague.net/v2/competitions/U/seasons/U2025/games/168/stats "HTTP/1.1 200 OK"
16:49:52 INFO    HTTP Request: GET https://live.euroleague.net/api/PlayByPlay?gamecode=168&seasoncode=U2025 "HTTP/1.1 200 OK"
16:49:55 INFO    HTTP Request: GET https://live.euroleague.net/api/Points?gamecode=168&seasoncode=U2025 "HTTP/1.1 200 OK"
16:49:59 INFO    HTTP Request: GET https://api-live.euroleague.net/v2/competitions/U/seasons/U2025/games/169/stats "HTTP/1.1 200 OK"
16:50:04 INFO    HTTP Request: GET https://live.euroleague.net/api/PlayByPlay?gamecode=169&seasoncode=U2025 "HTTP/1.1 200 OK"
16:50:08 INFO    HTTP Request: GET https://live.euroleague.net/api/Points?gamecode=169&seasoncode=U2025 "HTTP/1.1 200 OK"
16:50:11 INFO    HTTP Request: GET https://api-live.euroleague.net/v2/competitions/U/seasons/U2025/games/170/stats "HTTP/1.1 200 OK"
16:50:16 INFO    HTTP Request: GET https://live.euroleague.net/api/PlayByPlay?gamecode=170&seasoncode=U2025 "HTTP/1.1 200 OK"
16:50:19 INFO    HTTP Request: GET https://live.euroleague.net/api/Points?gamecode=170&seasoncode=U2025 "HTTP/1.1 200 OK"
16:50:23 INFO    HTTP Request: GET https://api-live.euroleague.net/v2/competitions/U/seasons/U2025/games/171/stats "HTTP/1.1 200 OK"
16:50:28 INFO    HTTP Request: GET https://live.euroleague.net/api/PlayByPlay?gamecode=171&seasoncode=U2025 "HTTP/1.1 200 OK"
16:50:31 INFO    HTTP Request: GET https://live.euroleague.net/api/Points?gamecode=171&seasoncode=U2025 "HTTP/1.1 200 OK"
16:50:35 INFO    HTTP Request: GET https://api-live.euroleague.net/v2/competitions/U/seasons/U2025/games/172/stats "HTTP/1.1 200 OK"
16:50:40 INFO    HTTP Request: GET https://live.euroleague.net/api/PlayByPlay?gamecode=172&seasoncode=U2025 "HTTP/1.1 200 OK"
16:50:44 INFO    HTTP Request: GET https://live.euroleague.net/api/Points?gamecode=172&seasoncode=U2025 "HTTP/1.1 200 OK"
16:50:47 INFO    HTTP Request: GET https://api-live.euroleague.net/v2/competitions/U/seasons/U2025/games/173/stats "HTTP/1.1 200 OK"
16:50:52 INFO    HTTP Request: GET https://live.euroleague.net/api/PlayByPlay?gamecode=173&seasoncode=U2025 "HTTP/1.1 200 OK"
16:50:56 INFO    HTTP Request: GET https://live.euroleague.net/api/Points?gamecode=173&seasoncode=U2025 "HTTP/1.1 200 OK"
16:50:59 INFO    HTTP Request: GET https://api-live.euroleague.net/v2/competitions/U/seasons/U2025/games/174/stats "HTTP/1.1 200 OK"
16:51:04 INFO    HTTP Request: GET https://live.euroleague.net/api/PlayByPlay?gamecode=174&seasoncode=U2025 "HTTP/1.1 200 OK"
16:51:08 INFO    HTTP Request: GET https://live.euroleague.net/api/Points?gamecode=174&seasoncode=U2025 "HTTP/1.1 200 OK"
16:51:11 INFO    HTTP Request: GET https://api-live.euroleague.net/v2/competitions/U/seasons/U2025/games/175/stats "HTTP/1.1 200 OK"
16:51:16 INFO    HTTP Request: GET https://live.euroleague.net/api/PlayByPlay?gamecode=175&seasoncode=U2025 "HTTP/1.1 200 OK"
16:51:20 INFO    HTTP Request: GET https://live.euroleague.net/api/Points?gamecode=175&seasoncode=U2025 "HTTP/1.1 200 OK"
16:51:20 INFO    U2025 175/195 games | 529 requests, 0 cached, 0 rate-limits, 1952.3s slept
16:51:23 INFO    HTTP Request: GET https://api-live.euroleague.net/v2/competitions/U/seasons/U2025/games/176/stats "HTTP/1.1 200 OK"
16:51:28 INFO    HTTP Request: GET https://live.euroleague.net/api/PlayByPlay?gamecode=176&seasoncode=U2025 "HTTP/1.1 200 OK"
16:51:32 INFO    HTTP Request: GET https://live.euroleague.net/api/Points?gamecode=176&seasoncode=U2025 "HTTP/1.1 200 OK"
16:51:35 INFO    HTTP Request: GET https://api-live.euroleague.net/v2/competitions/U/seasons/U2025/games/177/stats "HTTP/1.1 200 OK"
16:51:40 INFO    HTTP Request: GET https://live.euroleague.net/api/PlayByPlay?gamecode=177&seasoncode=U2025 "HTTP/1.1 200 OK"
16:51:44 INFO    HTTP Request: GET https://live.euroleague.net/api/Points?gamecode=177&seasoncode=U2025 "HTTP/1.1 200 OK"
16:51:47 INFO    HTTP Request: GET https://api-live.euroleague.net/v2/competitions/U/seasons/U2025/games/178/stats "HTTP/1.1 200 OK"
16:51:52 INFO    HTTP Request: GET https://live.euroleague.net/api/PlayByPlay?gamecode=178&seasoncode=U2025 "HTTP/1.1 200 OK"
16:51:56 INFO    HTTP Request: GET https://live.euroleague.net/api/Points?gamecode=178&seasoncode=U2025 "HTTP/1.1 200 OK"
16:51:59 INFO    HTTP Request: GET https://api-live.euroleague.net/v2/competitions/U/seasons/U2025/games/179/stats "HTTP/1.1 200 OK"
16:52:04 INFO    HTTP Request: GET https://live.euroleague.net/api/PlayByPlay?gamecode=179&seasoncode=U2025 "HTTP/1.1 200 OK"
16:52:08 INFO    HTTP Request: GET https://live.euroleague.net/api/Points?gamecode=179&seasoncode=U2025 "HTTP/1.1 200 OK"
16:52:11 INFO    HTTP Request: GET https://api-live.euroleague.net/v2/competitions/U/seasons/U2025/games/180/stats "HTTP/1.1 200 OK"
16:52:16 INFO    HTTP Request: GET https://live.euroleague.net/api/PlayByPlay?gamecode=180&seasoncode=U2025 "HTTP/1.1 200 OK"
16:52:20 INFO    HTTP Request: GET https://live.euroleague.net/api/Points?gamecode=180&seasoncode=U2025 "HTTP/1.1 200 OK"
16:52:23 INFO    HTTP Request: GET https://api-live.euroleague.net/v2/competitions/U/seasons/U2025/games/181/stats "HTTP/1.1 200 OK"
16:52:28 INFO    HTTP Request: GET https://live.euroleague.net/api/PlayByPlay?gamecode=181&seasoncode=U2025 "HTTP/1.1 200 OK"
16:52:32 INFO    HTTP Request: GET https://live.euroleague.net/api/Points?gamecode=181&seasoncode=U2025 "HTTP/1.1 200 OK"
16:52:35 INFO    HTTP Request: GET https://api-live.euroleague.net/v2/competitions/U/seasons/U2025/games/182/stats "HTTP/1.1 200 OK"
16:52:40 INFO    HTTP Request: GET https://live.euroleague.net/api/PlayByPlay?gamecode=182&seasoncode=U2025 "HTTP/1.1 200 OK"
16:52:44 INFO    HTTP Request: GET https://live.euroleague.net/api/Points?gamecode=182&seasoncode=U2025 "HTTP/1.1 200 OK"
16:52:48 INFO    HTTP Request: GET https://api-live.euroleague.net/v2/competitions/U/seasons/U2025/games/183/stats "HTTP/1.1 200 OK"
16:52:52 INFO    HTTP Request: GET https://live.euroleague.net/api/PlayByPlay?gamecode=183&seasoncode=U2025 "HTTP/1.1 200 OK"
16:52:56 INFO    HTTP Request: GET https://live.euroleague.net/api/Points?gamecode=183&seasoncode=U2025 "HTTP/1.1 200 OK"
16:53:00 INFO    HTTP Request: GET https://api-live.euroleague.net/v2/competitions/U/seasons/U2025/games/184/stats "HTTP/1.1 200 OK"
16:53:04 INFO    HTTP Request: GET https://live.euroleague.net/api/PlayByPlay?gamecode=184&seasoncode=U2025 "HTTP/1.1 200 OK"
16:53:07 INFO    HTTP Request: GET https://live.euroleague.net/api/Points?gamecode=184&seasoncode=U2025 "HTTP/1.1 200 OK"
16:53:12 INFO    HTTP Request: GET https://api-live.euroleague.net/v2/competitions/U/seasons/U2025/games/185/stats "HTTP/1.1 200 OK"
16:53:16 INFO    HTTP Request: GET https://live.euroleague.net/api/PlayByPlay?gamecode=185&seasoncode=U2025 "HTTP/1.1 200 OK"
16:53:19 INFO    HTTP Request: GET https://live.euroleague.net/api/Points?gamecode=185&seasoncode=U2025 "HTTP/1.1 200 OK"
16:53:24 INFO    HTTP Request: GET https://api-live.euroleague.net/v2/competitions/U/seasons/U2025/games/186/stats "HTTP/1.1 200 OK"
16:53:28 INFO    HTTP Request: GET https://live.euroleague.net/api/PlayByPlay?gamecode=186&seasoncode=U2025 "HTTP/1.1 200 OK"
16:53:31 INFO    HTTP Request: GET https://live.euroleague.net/api/Points?gamecode=186&seasoncode=U2025 "HTTP/1.1 200 OK"
16:53:36 INFO    HTTP Request: GET https://api-live.euroleague.net/v2/competitions/U/seasons/U2025/games/187/stats "HTTP/1.1 200 OK"
16:53:40 INFO    HTTP Request: GET https://live.euroleague.net/api/PlayByPlay?gamecode=187&seasoncode=U2025 "HTTP/1.1 200 OK"
16:53:43 INFO    HTTP Request: GET https://live.euroleague.net/api/Points?gamecode=187&seasoncode=U2025 "HTTP/1.1 200 OK"
16:53:48 INFO    HTTP Request: GET https://api-live.euroleague.net/v2/competitions/U/seasons/U2025/games/188/stats "HTTP/1.1 200 OK"
16:53:52 INFO    HTTP Request: GET https://live.euroleague.net/api/PlayByPlay?gamecode=188&seasoncode=U2025 "HTTP/1.1 200 OK"
16:53:55 INFO    HTTP Request: GET https://live.euroleague.net/api/Points?gamecode=188&seasoncode=U2025 "HTTP/1.1 200 OK"
16:54:00 INFO    HTTP Request: GET https://api-live.euroleague.net/v2/competitions/U/seasons/U2025/games/189/stats "HTTP/1.1 200 OK"
16:54:04 INFO    HTTP Request: GET https://live.euroleague.net/api/PlayByPlay?gamecode=189&seasoncode=U2025 "HTTP/1.1 200 OK"
16:54:07 INFO    HTTP Request: GET https://live.euroleague.net/api/Points?gamecode=189&seasoncode=U2025 "HTTP/1.1 200 OK"
16:54:12 INFO    HTTP Request: GET https://api-live.euroleague.net/v2/competitions/U/seasons/U2025/games/190/stats "HTTP/1.1 200 OK"
16:54:16 INFO    HTTP Request: GET https://live.euroleague.net/api/PlayByPlay?gamecode=190&seasoncode=U2025 "HTTP/1.1 200 OK"
16:54:19 INFO    HTTP Request: GET https://live.euroleague.net/api/Points?gamecode=190&seasoncode=U2025 "HTTP/1.1 200 OK"
16:54:24 INFO    HTTP Request: GET https://api-live.euroleague.net/v2/competitions/U/seasons/U2025/games/191/stats "HTTP/1.1 200 OK"
16:54:28 INFO    HTTP Request: GET https://live.euroleague.net/api/PlayByPlay?gamecode=191&seasoncode=U2025 "HTTP/1.1 200 OK"
16:54:32 INFO    HTTP Request: GET https://live.euroleague.net/api/Points?gamecode=191&seasoncode=U2025 "HTTP/1.1 200 OK"
16:54:36 INFO    HTTP Request: GET https://api-live.euroleague.net/v2/competitions/U/seasons/U2025/games/192/stats "HTTP/1.1 200 OK"
16:54:40 INFO    HTTP Request: GET https://live.euroleague.net/api/PlayByPlay?gamecode=192&seasoncode=U2025 "HTTP/1.1 200 OK"
16:54:43 INFO    HTTP Request: GET https://live.euroleague.net/api/Points?gamecode=192&seasoncode=U2025 "HTTP/1.1 200 OK"
16:54:48 INFO    HTTP Request: GET https://api-live.euroleague.net/v2/competitions/U/seasons/U2025/games/193/stats "HTTP/1.1 200 OK"
16:54:52 INFO    HTTP Request: GET https://live.euroleague.net/api/PlayByPlay?gamecode=193&seasoncode=U2025 "HTTP/1.1 200 OK"
16:54:55 INFO    HTTP Request: GET https://live.euroleague.net/api/Points?gamecode=193&seasoncode=U2025 "HTTP/1.1 200 OK"
16:55:00 INFO    HTTP Request: GET https://api-live.euroleague.net/v2/competitions/U/seasons/U2025/games/194/stats "HTTP/1.1 200 OK"
16:55:04 INFO    HTTP Request: GET https://live.euroleague.net/api/PlayByPlay?gamecode=194&seasoncode=U2025 "HTTP/1.1 200 OK"
16:55:08 INFO    HTTP Request: GET https://live.euroleague.net/api/Points?gamecode=194&seasoncode=U2025 "HTTP/1.1 200 OK"
16:55:12 INFO    HTTP Request: GET https://api-live.euroleague.net/v2/competitions/U/seasons/U2025/games/195/stats "HTTP/1.1 200 OK"
16:55:16 INFO    HTTP Request: GET https://live.euroleague.net/api/PlayByPlay?gamecode=195&seasoncode=U2025 "HTTP/1.1 200 OK"
16:55:20 INFO    HTTP Request: GET https://live.euroleague.net/api/Points?gamecode=195&seasoncode=U2025 "HTTP/1.1 200 OK"
16:55:20 INFO    done: {"competition": "U", "season": "U2025", "games_in_schedule": 195, "games_crawled": 195, "games_skipped_unplayed": 0, "elapsed_seconds": 2539.7, "fetch": {"requests": 589, "cache_hits": 0, "rate_limit_hits": 0, "sleep_seconds": 2158.1, "errors": {}}}
=== U2025 exited 0 ===
=== starting U2024 ===
16:55:20 INFO    season structure: U U2024
16:55:20 INFO    HTTP Request: GET https://api-live.euroleague.net/v2/competitions/U/seasons/U2024/clubs "HTTP/1.1 200 OK"
16:55:26 INFO    HTTP Request: GET https://api-live.euroleague.net/v2/competitions/U/seasons/U2024/people?limit=1000&offset=0 "HTTP/1.1 200 OK"
16:55:32 INFO    HTTP Request: GET https://api-live.euroleague.net/v2/competitions/U/seasons/U2024/games?limit=500&offset=0 "HTTP/1.1 200 OK"
16:55:33 INFO    U2024: 196 games in schedule
16:55:38 INFO    HTTP Request: GET https://api-live.euroleague.net/v2/competitions/U/seasons/U2024/games/1/stats "HTTP/1.1 200 OK"
16:55:45 INFO    HTTP Request: GET https://live.euroleague.net/api/PlayByPlay?gamecode=1&seasoncode=U2024 "HTTP/1.1 200 OK"
16:55:51 INFO    HTTP Request: GET https://live.euroleague.net/api/Points?gamecode=1&seasoncode=U2024 "HTTP/1.1 200 OK"
16:55:56 INFO    HTTP Request: GET https://api-live.euroleague.net/v2/competitions/U/seasons/U2024/games/2/stats "HTTP/1.1 200 OK"
16:56:03 INFO    HTTP Request: GET https://live.euroleague.net/api/PlayByPlay?gamecode=2&seasoncode=U2024 "HTTP/1.1 200 OK"
16:56:09 INFO    HTTP Request: GET https://live.euroleague.net/api/Points?gamecode=2&seasoncode=U2024 "HTTP/1.1 200 OK"
16:56:14 INFO    HTTP Request: GET https://api-live.euroleague.net/v2/competitions/U/seasons/U2024/games/3/stats "HTTP/1.1 200 OK"
16:56:21 INFO    HTTP Request: GET https://live.euroleague.net/api/PlayByPlay?gamecode=3&seasoncode=U2024 "HTTP/1.1 200 OK"
16:56:27 INFO    HTTP Request: GET https://live.euroleague.net/api/Points?gamecode=3&seasoncode=U2024 "HTTP/1.1 200 OK"
16:56:32 INFO    HTTP Request: GET https://api-live.euroleague.net/v2/competitions/U/seasons/U2024/games/4/stats "HTTP/1.1 200 OK"
16:56:39 INFO    HTTP Request: GET https://live.euroleague.net/api/PlayByPlay?gamecode=4&seasoncode=U2024 "HTTP/1.1 200 OK"
16:56:45 INFO    HTTP Request: GET https://live.euroleague.net/api/Points?gamecode=4&seasoncode=U2024 "HTTP/1.1 200 OK"
16:56:50 INFO    HTTP Request: GET https://api-live.euroleague.net/v2/competitions/U/seasons/U2024/games/5/stats "HTTP/1.1 200 OK"
16:56:57 INFO    HTTP Request: GET https://live.euroleague.net/api/PlayByPlay?gamecode=5&seasoncode=U2024 "HTTP/1.1 200 OK"
16:57:03 INFO    HTTP Request: GET https://live.euroleague.net/api/Points?gamecode=5&seasoncode=U2024 "HTTP/1.1 200 OK"
16:57:08 INFO    HTTP Request: GET https://api-live.euroleague.net/v2/competitions/U/seasons/U2024/games/6/stats "HTTP/1.1 200 OK"
16:57:15 INFO    HTTP Request: GET https://live.euroleague.net/api/PlayByPlay?gamecode=6&seasoncode=U2024 "HTTP/1.1 200 OK"
16:57:21 INFO    HTTP Request: GET https://live.euroleague.net/api/Points?gamecode=6&seasoncode=U2024 "HTTP/1.1 200 OK"
16:57:27 INFO    HTTP Request: GET https://api-live.euroleague.net/v2/competitions/U/seasons/U2024/games/7/stats "HTTP/1.1 200 OK"
16:57:33 INFO    HTTP Request: GET https://live.euroleague.net/api/PlayByPlay?gamecode=7&seasoncode=U2024 "HTTP/1.1 200 OK"
16:57:39 INFO    HTTP Request: GET https://live.euroleague.net/api/Points?gamecode=7&seasoncode=U2024 "HTTP/1.1 200 OK"
16:57:44 INFO    HTTP Request: GET https://api-live.euroleague.net/v2/competitions/U/seasons/U2024/games/8/stats "HTTP/1.1 200 OK"
16:57:51 INFO    HTTP Request: GET https://live.euroleague.net/api/PlayByPlay?gamecode=8&seasoncode=U2024 "HTTP/1.1 200 OK"
16:57:57 INFO    HTTP Request: GET https://live.euroleague.net/api/Points?gamecode=8&seasoncode=U2024 "HTTP/1.1 200 OK"
16:58:02 INFO    HTTP Request: GET https://api-live.euroleague.net/v2/competitions/U/seasons/U2024/games/9/stats "HTTP/1.1 200 OK"
16:58:09 INFO    HTTP Request: GET https://live.euroleague.net/api/PlayByPlay?gamecode=9&seasoncode=U2024 "HTTP/1.1 200 OK"
16:58:15 INFO    HTTP Request: GET https://live.euroleague.net/api/Points?gamecode=9&seasoncode=U2024 "HTTP/1.1 200 OK"
16:58:21 INFO    HTTP Request: GET https://api-live.euroleague.net/v2/competitions/U/seasons/U2024/games/10/stats "HTTP/1.1 200 OK"
16:58:27 INFO    HTTP Request: GET https://live.euroleague.net/api/PlayByPlay?gamecode=10&seasoncode=U2024 "HTTP/1.1 200 OK"
16:58:33 INFO    HTTP Request: GET https://live.euroleague.net/api/Points?gamecode=10&seasoncode=U2024 "HTTP/1.1 200 OK"
16:58:38 INFO    HTTP Request: GET https://api-live.euroleague.net/v2/competitions/U/seasons/U2024/games/11/stats "HTTP/1.1 200 OK"
16:58:45 INFO    HTTP Request: GET https://live.euroleague.net/api/PlayByPlay?gamecode=11&seasoncode=U2024 "HTTP/1.1 200 OK"
16:58:51 INFO    HTTP Request: GET https://live.euroleague.net/api/Points?gamecode=11&seasoncode=U2024 "HTTP/1.1 200 OK"
16:58:56 INFO    HTTP Request: GET https://api-live.euroleague.net/v2/competitions/U/seasons/U2024/games/12/stats "HTTP/1.1 200 OK"
16:59:03 INFO    HTTP Request: GET https://live.euroleague.net/api/PlayByPlay?gamecode=12&seasoncode=U2024 "HTTP/1.1 200 OK"
16:59:09 INFO    HTTP Request: GET https://live.euroleague.net/api/Points?gamecode=12&seasoncode=U2024 "HTTP/1.1 200 OK"
16:59:15 INFO    HTTP Request: GET https://api-live.euroleague.net/v2/competitions/U/seasons/U2024/games/13/stats "HTTP/1.1 200 OK"
16:59:15 INFO    clean run, easing interval to 5.4s
16:59:20 INFO    HTTP Request: GET https://live.euroleague.net/api/PlayByPlay?gamecode=13&seasoncode=U2024 "HTTP/1.1 200 OK"
16:59:25 INFO    HTTP Request: GET https://live.euroleague.net/api/Points?gamecode=13&seasoncode=U2024 "HTTP/1.1 200 OK"
16:59:31 INFO    HTTP Request: GET https://api-live.euroleague.net/v2/competitions/U/seasons/U2024/games/14/stats "HTTP/1.1 200 OK"
16:59:37 INFO    HTTP Request: GET https://live.euroleague.net/api/PlayByPlay?gamecode=14&seasoncode=U2024 "HTTP/1.1 200 OK"
16:59:42 INFO    HTTP Request: GET https://live.euroleague.net/api/Points?gamecode=14&seasoncode=U2024 "HTTP/1.1 200 OK"
16:59:47 INFO    HTTP Request: GET https://api-live.euroleague.net/v2/competitions/U/seasons/U2024/games/15/stats "HTTP/1.1 200 OK"
16:59:53 INFO    HTTP Request: GET https://live.euroleague.net/api/PlayByPlay?gamecode=15&seasoncode=U2024 "HTTP/1.1 200 OK"
16:59:58 INFO    HTTP Request: GET https://live.euroleague.net/api/Points?gamecode=15&seasoncode=U2024 "HTTP/1.1 200 OK"
17:00:03 INFO    HTTP Request: GET https://api-live.euroleague.net/v2/competitions/U/seasons/U2024/games/16/stats "HTTP/1.1 200 OK"
17:00:09 INFO    HTTP Request: GET https://live.euroleague.net/api/PlayByPlay?gamecode=16&seasoncode=U2024 "HTTP/1.1 200 OK"
17:00:14 INFO    HTTP Request: GET https://live.euroleague.net/api/Points?gamecode=16&seasoncode=U2024 "HTTP/1.1 200 OK"
17:00:19 INFO    HTTP Request: GET https://api-live.euroleague.net/v2/competitions/U/seasons/U2024/games/17/stats "HTTP/1.1 200 OK"
17:00:25 INFO    HTTP Request: GET https://live.euroleague.net/api/PlayByPlay?gamecode=17&seasoncode=U2024 "HTTP/1.1 200 OK"
17:00:30 INFO    HTTP Request: GET https://live.euroleague.net/api/Points?gamecode=17&seasoncode=U2024 "HTTP/1.1 200 OK"
17:00:36 INFO    HTTP Request: GET https://api-live.euroleague.net/v2/competitions/U/seasons/U2024/games/18/stats "HTTP/1.1 200 OK"
17:00:41 INFO    HTTP Request: GET https://live.euroleague.net/api/PlayByPlay?gamecode=18&seasoncode=U2024 "HTTP/1.1 200 OK"
17:00:47 INFO    HTTP Request: GET https://live.euroleague.net/api/Points?gamecode=18&seasoncode=U2024 "HTTP/1.1 200 OK"
17:00:52 INFO    HTTP Request: GET https://api-live.euroleague.net/v2/competitions/U/seasons/U2024/games/19/stats "HTTP/1.1 200 OK"
17:00:58 INFO    HTTP Request: GET https://live.euroleague.net/api/PlayByPlay?gamecode=19&seasoncode=U2024 "HTTP/1.1 200 OK"
17:01:03 INFO    HTTP Request: GET https://live.euroleague.net/api/Points?gamecode=19&seasoncode=U2024 "HTTP/1.1 200 OK"
17:01:08 INFO    HTTP Request: GET https://api-live.euroleague.net/v2/competitions/U/seasons/U2024/games/20/stats "HTTP/1.1 200 OK"
17:01:14 INFO    HTTP Request: GET https://live.euroleague.net/api/PlayByPlay?gamecode=20&seasoncode=U2024 "HTTP/1.1 200 OK"
17:01:19 INFO    HTTP Request: GET https://live.euroleague.net/api/Points?gamecode=20&seasoncode=U2024 "HTTP/1.1 200 OK"
17:01:24 INFO    HTTP Request: GET https://api-live.euroleague.net/v2/competitions/U/seasons/U2024/games/21/stats "HTTP/1.1 200 OK"
17:01:30 INFO    HTTP Request: GET https://live.euroleague.net/api/PlayByPlay?gamecode=21&seasoncode=U2024 "HTTP/1.1 200 OK"
17:01:35 INFO    HTTP Request: GET https://live.euroleague.net/api/Points?gamecode=21&seasoncode=U2024 "HTTP/1.1 200 OK"
17:01:41 INFO    HTTP Request: GET https://api-live.euroleague.net/v2/competitions/U/seasons/U2024/games/22/stats "HTTP/1.1 200 OK"
17:01:46 INFO    HTTP Request: GET https://live.euroleague.net/api/PlayByPlay?gamecode=22&seasoncode=U2024 "HTTP/1.1 200 OK"
17:01:52 INFO    HTTP Request: GET https://live.euroleague.net/api/Points?gamecode=22&seasoncode=U2024 "HTTP/1.1 200 OK"
17:01:57 INFO    HTTP Request: GET https://api-live.euroleague.net/v2/competitions/U/seasons/U2024/games/23/stats "HTTP/1.1 200 OK"
17:02:04 INFO    HTTP Request: GET https://live.euroleague.net/api/PlayByPlay?gamecode=23&seasoncode=U2024 "HTTP/1.1 200 OK"
17:02:09 INFO    HTTP Request: GET https://live.euroleague.net/api/Points?gamecode=23&seasoncode=U2024 "HTTP/1.1 200 OK"
17:02:13 INFO    HTTP Request: GET https://api-live.euroleague.net/v2/competitions/U/seasons/U2024/games/24/stats "HTTP/1.1 200 OK"
17:02:19 INFO    HTTP Request: GET https://live.euroleague.net/api/PlayByPlay?gamecode=24&seasoncode=U2024 "HTTP/1.1 200 OK"
17:02:24 INFO    HTTP Request: GET https://live.euroleague.net/api/Points?gamecode=24&seasoncode=U2024 "HTTP/1.1 200 OK"
17:02:29 INFO    HTTP Request: GET https://api-live.euroleague.net/v2/competitions/U/seasons/U2024/games/25/stats "HTTP/1.1 200 OK"
17:02:35 INFO    HTTP Request: GET https://live.euroleague.net/api/PlayByPlay?gamecode=25&seasoncode=U2024 "HTTP/1.1 200 OK"
17:02:40 INFO    HTTP Request: GET https://live.euroleague.net/api/Points?gamecode=25&seasoncode=U2024 "HTTP/1.1 200 OK"
17:02:40 INFO    U2024 25/196 games | 78 requests, 1 cached, 0 rate-limits, 387.7s slept
17:02:45 INFO    HTTP Request: GET https://api-live.euroleague.net/v2/competitions/U/seasons/U2024/games/26/stats "HTTP/1.1 200 OK"
17:02:52 INFO    HTTP Request: GET https://live.euroleague.net/api/PlayByPlay?gamecode=26&seasoncode=U2024 "HTTP/1.1 200 OK"
17:02:52 INFO    clean run, easing interval to 4.9s
17:02:56 INFO    HTTP Request: GET https://live.euroleague.net/api/Points?gamecode=26&seasoncode=U2024 "HTTP/1.1 200 OK"
17:03:01 INFO    HTTP Request: GET https://api-live.euroleague.net/v2/competitions/U/seasons/U2024/games/27/stats "HTTP/1.1 200 OK"
17:03:06 INFO    HTTP Request: GET https://live.euroleague.net/api/PlayByPlay?gamecode=27&seasoncode=U2024 "HTTP/1.1 200 OK"
17:03:11 INFO    HTTP Request: GET https://live.euroleague.net/api/Points?gamecode=27&seasoncode=U2024 "HTTP/1.1 200 OK"
17:03:15 INFO    HTTP Request: GET https://api-live.euroleague.net/v2/competitions/U/seasons/U2024/games/28/stats "HTTP/1.1 200 OK"
17:03:20 INFO    HTTP Request: GET https://live.euroleague.net/api/PlayByPlay?gamecode=28&seasoncode=U2024 "HTTP/1.1 200 OK"
17:03:25 INFO    HTTP Request: GET https://live.euroleague.net/api/Points?gamecode=28&seasoncode=U2024 "HTTP/1.1 200 OK"
17:03:30 INFO    HTTP Request: GET https://api-live.euroleague.net/v2/competitions/U/seasons/U2024/games/29/stats "HTTP/1.1 200 OK"
17:03:35 INFO    HTTP Request: GET https://live.euroleague.net/api/PlayByPlay?gamecode=29&seasoncode=U2024 "HTTP/1.1 200 OK"
17:03:40 INFO    HTTP Request: GET https://live.euroleague.net/api/Points?gamecode=29&seasoncode=U2024 "HTTP/1.1 200 OK"
17:03:44 INFO    HTTP Request: GET https://api-live.euroleague.net/v2/competitions/U/seasons/U2024/games/30/stats "HTTP/1.1 200 OK"
17:03:50 INFO    HTTP Request: GET https://live.euroleague.net/api/PlayByPlay?gamecode=30&seasoncode=U2024 "HTTP/1.1 200 OK"
17:03:54 INFO    HTTP Request: GET https://live.euroleague.net/api/Points?gamecode=30&seasoncode=U2024 "HTTP/1.1 200 OK"
17:03:59 INFO    HTTP Request: GET https://api-live.euroleague.net/v2/competitions/U/seasons/U2024/games/31/stats "HTTP/1.1 200 OK"
17:04:04 INFO    HTTP Request: GET https://live.euroleague.net/api/PlayByPlay?gamecode=31&seasoncode=U2024 "HTTP/1.1 200 OK"
17:04:09 INFO    HTTP Request: GET https://live.euroleague.net/api/Points?gamecode=31&seasoncode=U2024 "HTTP/1.1 200 OK"
17:04:14 INFO    HTTP Request: GET https://api-live.euroleague.net/v2/competitions/U/seasons/U2024/games/32/stats "HTTP/1.1 200 OK"
17:04:19 INFO    HTTP Request: GET https://live.euroleague.net/api/PlayByPlay?gamecode=32&seasoncode=U2024 "HTTP/1.1 200 OK"
17:04:23 INFO    HTTP Request: GET https://live.euroleague.net/api/Points?gamecode=32&seasoncode=U2024 "HTTP/1.1 200 OK"
17:04:28 INFO    HTTP Request: GET https://api-live.euroleague.net/v2/competitions/U/seasons/U2024/games/33/stats "HTTP/1.1 200 OK"
17:04:33 INFO    HTTP Request: GET https://live.euroleague.net/api/PlayByPlay?gamecode=33&seasoncode=U2024 "HTTP/1.1 200 OK"
17:04:38 INFO    HTTP Request: GET https://live.euroleague.net/api/Points?gamecode=33&seasoncode=U2024 "HTTP/1.1 200 OK"
17:04:43 INFO    HTTP Request: GET https://api-live.euroleague.net/v2/competitions/U/seasons/U2024/games/34/stats "HTTP/1.1 200 OK"
17:04:48 INFO    HTTP Request: GET https://live.euroleague.net/api/PlayByPlay?gamecode=34&seasoncode=U2024 "HTTP/1.1 200 OK"
17:04:53 INFO    HTTP Request: GET https://live.euroleague.net/api/Points?gamecode=34&seasoncode=U2024 "HTTP/1.1 200 OK"
17:04:57 INFO    HTTP Request: GET https://api-live.euroleague.net/v2/competitions/U/seasons/U2024/games/35/stats "HTTP/1.1 200 OK"
17:05:03 INFO    HTTP Request: GET https://live.euroleague.net/api/PlayByPlay?gamecode=35&seasoncode=U2024 "HTTP/1.1 200 OK"
17:05:07 INFO    HTTP Request: GET https://live.euroleague.net/api/Points?gamecode=35&seasoncode=U2024 "HTTP/1.1 200 OK"
17:05:12 INFO    HTTP Request: GET https://api-live.euroleague.net/v2/competitions/U/seasons/U2024/games/36/stats "HTTP/1.1 200 OK"
17:05:17 INFO    HTTP Request: GET https://live.euroleague.net/api/PlayByPlay?gamecode=36&seasoncode=U2024 "HTTP/1.1 200 OK"
17:05:22 INFO    HTTP Request: GET https://live.euroleague.net/api/Points?gamecode=36&seasoncode=U2024 "HTTP/1.1 200 OK"
17:05:27 INFO    HTTP Request: GET https://api-live.euroleague.net/v2/competitions/U/seasons/U2024/games/37/stats "HTTP/1.1 200 OK"
17:05:32 INFO    HTTP Request: GET https://live.euroleague.net/api/PlayByPlay?gamecode=37&seasoncode=U2024 "HTTP/1.1 200 OK"
17:05:37 INFO    HTTP Request: GET https://live.euroleague.net/api/Points?gamecode=37&seasoncode=U2024 "HTTP/1.1 200 OK"
17:05:41 INFO    HTTP Request: GET https://api-live.euroleague.net/v2/competitions/U/seasons/U2024/games/38/stats "HTTP/1.1 200 OK"
17:05:46 INFO    HTTP Request: GET https://live.euroleague.net/api/PlayByPlay?gamecode=38&seasoncode=U2024 "HTTP/1.1 200 OK"
17:05:51 INFO    HTTP Request: GET https://live.euroleague.net/api/Points?gamecode=38&seasoncode=U2024 "HTTP/1.1 200 OK"
17:05:56 INFO    HTTP Request: GET https://api-live.euroleague.net/v2/competitions/U/seasons/U2024/games/39/stats "HTTP/1.1 200 OK"
17:06:01 INFO    HTTP Request: GET https://live.euroleague.net/api/PlayByPlay?gamecode=39&seasoncode=U2024 "HTTP/1.1 200 OK"
17:06:06 INFO    HTTP Request: GET https://live.euroleague.net/api/Points?gamecode=39&seasoncode=U2024 "HTTP/1.1 200 OK"
17:06:06 INFO    clean run, easing interval to 4.4s
17:06:10 INFO    HTTP Request: GET https://api-live.euroleague.net/v2/competitions/U/seasons/U2024/games/40/stats "HTTP/1.1 200 OK"
17:06:15 INFO    HTTP Request: GET https://live.euroleague.net/api/PlayByPlay?gamecode=40&seasoncode=U2024 "HTTP/1.1 200 OK"
17:06:19 INFO    HTTP Request: GET https://live.euroleague.net/api/Points?gamecode=40&seasoncode=U2024 "HTTP/1.1 200 OK"
17:06:23 INFO    HTTP Request: GET https://api-live.euroleague.net/v2/competitions/U/seasons/U2024/games/41/stats "HTTP/1.1 200 OK"
17:06:28 INFO    HTTP Request: GET https://live.euroleague.net/api/PlayByPlay?gamecode=41&seasoncode=U2024 "HTTP/1.1 200 OK"
17:06:32 INFO    HTTP Request: GET https://live.euroleague.net/api/Points?gamecode=41&seasoncode=U2024 "HTTP/1.1 200 OK"
17:06:36 INFO    HTTP Request: GET https://api-live.euroleague.net/v2/competitions/U/seasons/U2024/games/42/stats "HTTP/1.1 200 OK"
17:06:41 INFO    HTTP Request: GET https://live.euroleague.net/api/PlayByPlay?gamecode=42&seasoncode=U2024 "HTTP/1.1 200 OK"
17:06:45 INFO    HTTP Request: GET https://live.euroleague.net/api/Points?gamecode=42&seasoncode=U2024 "HTTP/1.1 200 OK"
17:06:49 INFO    HTTP Request: GET https://api-live.euroleague.net/v2/competitions/U/seasons/U2024/games/43/stats "HTTP/1.1 200 OK"
17:06:54 INFO    HTTP Request: GET https://live.euroleague.net/api/PlayByPlay?gamecode=43&seasoncode=U2024 "HTTP/1.1 200 OK"
17:06:59 INFO    HTTP Request: GET https://live.euroleague.net/api/Points?gamecode=43&seasoncode=U2024 "HTTP/1.1 200 OK"
17:07:03 INFO    HTTP Request: GET https://api-live.euroleague.net/v2/competitions/U/seasons/U2024/games/44/stats "HTTP/1.1 200 OK"
17:07:08 INFO    HTTP Request: GET https://live.euroleague.net/api/PlayByPlay?gamecode=44&seasoncode=U2024 "HTTP/1.1 200 OK"
17:07:11 INFO    HTTP Request: GET https://live.euroleague.net/api/Points?gamecode=44&seasoncode=U2024 "HTTP/1.1 200 OK"
17:07:16 INFO    HTTP Request: GET https://api-live.euroleague.net/v2/competitions/U/seasons/U2024/games/45/stats "HTTP/1.1 200 OK"
17:07:20 INFO    HTTP Request: GET https://live.euroleague.net/api/PlayByPlay?gamecode=45&seasoncode=U2024 "HTTP/1.1 200 OK"
17:07:25 INFO    HTTP Request: GET https://live.euroleague.net/api/Points?gamecode=45&seasoncode=U2024 "HTTP/1.1 200 OK"
17:07:29 INFO    HTTP Request: GET https://api-live.euroleague.net/v2/competitions/U/seasons/U2024/games/46/stats "HTTP/1.1 200 OK"
17:07:34 INFO    HTTP Request: GET https://live.euroleague.net/api/PlayByPlay?gamecode=46&seasoncode=U2024 "HTTP/1.1 200 OK"
17:07:38 INFO    HTTP Request: GET https://live.euroleague.net/api/Points?gamecode=46&seasoncode=U2024 "HTTP/1.1 200 OK"
17:07:42 INFO    HTTP Request: GET https://api-live.euroleague.net/v2/competitions/U/seasons/U2024/games/47/stats "HTTP/1.1 200 OK"
17:07:47 INFO    HTTP Request: GET https://live.euroleague.net/api/PlayByPlay?gamecode=47&seasoncode=U2024 "HTTP/1.1 200 OK"
17:07:51 INFO    HTTP Request: GET https://live.euroleague.net/api/Points?gamecode=47&seasoncode=U2024 "HTTP/1.1 200 OK"
17:07:55 INFO    HTTP Request: GET https://api-live.euroleague.net/v2/competitions/U/seasons/U2024/games/48/stats "HTTP/1.1 200 OK"
17:08:00 INFO    HTTP Request: GET https://live.euroleague.net/api/PlayByPlay?gamecode=48&seasoncode=U2024 "HTTP/1.1 200 OK"
17:08:04 INFO    HTTP Request: GET https://live.euroleague.net/api/Points?gamecode=48&seasoncode=U2024 "HTTP/1.1 200 OK"
17:08:08 INFO    HTTP Request: GET https://api-live.euroleague.net/v2/competitions/U/seasons/U2024/games/49/stats "HTTP/1.1 200 OK"
17:08:13 INFO    HTTP Request: GET https://live.euroleague.net/api/PlayByPlay?gamecode=49&seasoncode=U2024 "HTTP/1.1 200 OK"
17:08:17 INFO    HTTP Request: GET https://live.euroleague.net/api/Points?gamecode=49&seasoncode=U2024 "HTTP/1.1 200 OK"
17:08:21 INFO    HTTP Request: GET https://api-live.euroleague.net/v2/competitions/U/seasons/U2024/games/50/stats "HTTP/1.1 200 OK"
17:08:26 INFO    HTTP Request: GET https://live.euroleague.net/api/PlayByPlay?gamecode=50&seasoncode=U2024 "HTTP/1.1 200 OK"
17:08:30 INFO    HTTP Request: GET https://live.euroleague.net/api/Points?gamecode=50&seasoncode=U2024 "HTTP/1.1 200 OK"
17:08:30 INFO    U2024 50/196 games | 153 requests, 1 cached, 0 rate-limits, 687.4s slept
17:08:34 INFO    HTTP Request: GET https://api-live.euroleague.net/v2/competitions/U/seasons/U2024/games/51/stats "HTTP/1.1 200 OK"
17:08:39 INFO    HTTP Request: GET https://live.euroleague.net/api/PlayByPlay?gamecode=51&seasoncode=U2024 "HTTP/1.1 200 OK"
17:08:43 INFO    HTTP Request: GET https://live.euroleague.net/api/Points?gamecode=51&seasoncode=U2024 "HTTP/1.1 200 OK"
17:08:48 INFO    HTTP Request: GET https://api-live.euroleague.net/v2/competitions/U/seasons/U2024/games/52/stats "HTTP/1.1 200 OK"
17:08:52 INFO    HTTP Request: GET https://live.euroleague.net/api/PlayByPlay?gamecode=52&seasoncode=U2024 "HTTP/1.1 200 OK"
17:08:57 INFO    HTTP Request: GET https://live.euroleague.net/api/Points?gamecode=52&seasoncode=U2024 "HTTP/1.1 200 OK"
17:09:01 INFO    HTTP Request: GET https://api-live.euroleague.net/v2/competitions/U/seasons/U2024/games/53/stats "HTTP/1.1 200 OK"
17:09:01 INFO    clean run, easing interval to 4.0s
17:09:05 INFO    HTTP Request: GET https://live.euroleague.net/api/PlayByPlay?gamecode=53&seasoncode=U2024 "HTTP/1.1 200 OK"
17:09:09 INFO    HTTP Request: GET https://live.euroleague.net/api/Points?gamecode=53&seasoncode=U2024 "HTTP/1.1 200 OK"
17:09:13 INFO    HTTP Request: GET https://api-live.euroleague.net/v2/competitions/U/seasons/U2024/games/54/stats "HTTP/1.1 200 OK"
17:09:17 INFO    HTTP Request: GET https://live.euroleague.net/api/PlayByPlay?gamecode=54&seasoncode=U2024 "HTTP/1.1 200 OK"
17:09:21 INFO    HTTP Request: GET https://live.euroleague.net/api/Points?gamecode=54&seasoncode=U2024 "HTTP/1.1 200 OK"
17:09:25 INFO    HTTP Request: GET https://api-live.euroleague.net/v2/competitions/U/seasons/U2024/games/55/stats "HTTP/1.1 200 OK"
17:09:29 INFO    HTTP Request: GET https://live.euroleague.net/api/PlayByPlay?gamecode=55&seasoncode=U2024 "HTTP/1.1 200 OK"
17:09:33 INFO    HTTP Request: GET https://live.euroleague.net/api/Points?gamecode=55&seasoncode=U2024 "HTTP/1.1 200 OK"
17:09:37 INFO    HTTP Request: GET https://api-live.euroleague.net/v2/competitions/U/seasons/U2024/games/56/stats "HTTP/1.1 200 OK"
17:09:41 INFO    HTTP Request: GET https://live.euroleague.net/api/PlayByPlay?gamecode=56&seasoncode=U2024 "HTTP/1.1 200 OK"
17:09:45 INFO    HTTP Request: GET https://live.euroleague.net/api/Points?gamecode=56&seasoncode=U2024 "HTTP/1.1 200 OK"
17:09:49 INFO    HTTP Request: GET https://api-live.euroleague.net/v2/competitions/U/seasons/U2024/games/57/stats "HTTP/1.1 200 OK"
17:09:53 INFO    HTTP Request: GET https://live.euroleague.net/api/PlayByPlay?gamecode=57&seasoncode=U2024 "HTTP/1.1 200 OK"
17:09:57 INFO    HTTP Request: GET https://live.euroleague.net/api/Points?gamecode=57&seasoncode=U2024 "HTTP/1.1 200 OK"
17:10:01 INFO    HTTP Request: GET https://api-live.euroleague.net/v2/competitions/U/seasons/U2024/games/58/stats "HTTP/1.1 200 OK"
17:10:06 INFO    HTTP Request: GET https://live.euroleague.net/api/PlayByPlay?gamecode=58&seasoncode=U2024 "HTTP/1.1 200 OK"
17:10:09 INFO    HTTP Request: GET https://live.euroleague.net/api/Points?gamecode=58&seasoncode=U2024 "HTTP/1.1 200 OK"
17:10:13 INFO    HTTP Request: GET https://api-live.euroleague.net/v2/competitions/U/seasons/U2024/games/59/stats "HTTP/1.1 200 OK"
17:10:18 INFO    HTTP Request: GET https://live.euroleague.net/api/PlayByPlay?gamecode=59&seasoncode=U2024 "HTTP/1.1 200 OK"
17:10:21 INFO    HTTP Request: GET https://live.euroleague.net/api/Points?gamecode=59&seasoncode=U2024 "HTTP/1.1 200 OK"
17:10:25 INFO    HTTP Request: GET https://api-live.euroleague.net/v2/competitions/U/seasons/U2024/games/60/stats "HTTP/1.1 200 OK"
17:10:29 INFO    HTTP Request: GET https://live.euroleague.net/api/PlayByPlay?gamecode=60&seasoncode=U2024 "HTTP/1.1 200 OK"
17:10:33 INFO    HTTP Request: GET https://live.euroleague.net/api/Points?gamecode=60&seasoncode=U2024 "HTTP/1.1 200 OK"
17:10:37 INFO    HTTP Request: GET https://api-live.euroleague.net/v2/competitions/U/seasons/U2024/games/61/stats "HTTP/1.1 200 OK"
17:10:41 INFO    HTTP Request: GET https://live.euroleague.net/api/PlayByPlay?gamecode=61&seasoncode=U2024 "HTTP/1.1 200 OK"
17:10:45 INFO    HTTP Request: GET https://live.euroleague.net/api/Points?gamecode=61&seasoncode=U2024 "HTTP/1.1 200 OK"
17:10:49 INFO    HTTP Request: GET https://api-live.euroleague.net/v2/competitions/U/seasons/U2024/games/62/stats "HTTP/1.1 200 OK"
17:10:53 INFO    HTTP Request: GET https://live.euroleague.net/api/PlayByPlay?gamecode=62&seasoncode=U2024 "HTTP/1.1 200 OK"
17:10:57 INFO    HTTP Request: GET https://live.euroleague.net/api/Points?gamecode=62&seasoncode=U2024 "HTTP/1.1 200 OK"
17:11:01 INFO    HTTP Request: GET https://api-live.euroleague.net/v2/competitions/U/seasons/U2024/games/63/stats "HTTP/1.1 200 OK"
17:11:05 INFO    HTTP Request: GET https://live.euroleague.net/api/PlayByPlay?gamecode=63&seasoncode=U2024 "HTTP/1.1 200 OK"
17:11:09 INFO    HTTP Request: GET https://live.euroleague.net/api/Points?gamecode=63&seasoncode=U2024 "HTTP/1.1 200 OK"
17:11:13 INFO    HTTP Request: GET https://api-live.euroleague.net/v2/competitions/U/seasons/U2024/games/64/stats "HTTP/1.1 200 OK"
17:11:17 INFO    HTTP Request: GET https://live.euroleague.net/api/PlayByPlay?gamecode=64&seasoncode=U2024 "HTTP/1.1 200 OK"
17:11:21 INFO    HTTP Request: GET https://live.euroleague.net/api/Points?gamecode=64&seasoncode=U2024 "HTTP/1.1 200 OK"
17:11:25 INFO    HTTP Request: GET https://api-live.euroleague.net/v2/competitions/U/seasons/U2024/games/65/stats "HTTP/1.1 200 OK"
17:11:29 INFO    HTTP Request: GET https://live.euroleague.net/api/PlayByPlay?gamecode=65&seasoncode=U2024 "HTTP/1.1 200 OK"
17:11:33 INFO    HTTP Request: GET https://live.euroleague.net/api/Points?gamecode=65&seasoncode=U2024 "HTTP/1.1 200 OK"
17:11:37 INFO    HTTP Request: GET https://api-live.euroleague.net/v2/competitions/U/seasons/U2024/games/66/stats "HTTP/1.1 200 OK"
17:11:41 INFO    HTTP Request: GET https://live.euroleague.net/api/PlayByPlay?gamecode=66&seasoncode=U2024 "HTTP/1.1 200 OK"
17:11:45 INFO    HTTP Request: GET https://live.euroleague.net/api/Points?gamecode=66&seasoncode=U2024 "HTTP/1.1 200 OK"
17:11:49 INFO    HTTP Request: GET https://api-live.euroleague.net/v2/competitions/U/seasons/U2024/games/67/stats "HTTP/1.1 200 OK"
17:11:53 INFO    HTTP Request: GET https://live.euroleague.net/api/PlayByPlay?gamecode=67&seasoncode=U2024 "HTTP/1.1 200 OK"
17:11:57 INFO    HTTP Request: GET https://live.euroleague.net/api/Points?gamecode=67&seasoncode=U2024 "HTTP/1.1 200 OK"
17:12:01 INFO    HTTP Request: GET https://api-live.euroleague.net/v2/competitions/U/seasons/U2024/games/68/stats "HTTP/1.1 200 OK"
17:12:05 INFO    HTTP Request: GET https://live.euroleague.net/api/PlayByPlay?gamecode=68&seasoncode=U2024 "HTTP/1.1 200 OK"
17:12:09 INFO    HTTP Request: GET https://live.euroleague.net/api/Points?gamecode=68&seasoncode=U2024 "HTTP/1.1 200 OK"
17:12:13 INFO    HTTP Request: GET https://api-live.euroleague.net/v2/competitions/U/seasons/U2024/games/69/stats "HTTP/1.1 200 OK"
17:12:18 INFO    HTTP Request: GET https://live.euroleague.net/api/PlayByPlay?gamecode=69&seasoncode=U2024 "HTTP/1.1 200 OK"
17:12:21 INFO    HTTP Request: GET https://live.euroleague.net/api/Points?gamecode=69&seasoncode=U2024 "HTTP/1.1 200 OK"
17:12:25 INFO    HTTP Request: GET https://api-live.euroleague.net/v2/competitions/U/seasons/U2024/games/70/stats "HTTP/1.1 200 OK"
17:12:30 INFO    HTTP Request: GET https://live.euroleague.net/api/PlayByPlay?gamecode=70&seasoncode=U2024 "HTTP/1.1 200 OK"
17:12:33 INFO    HTTP Request: GET https://live.euroleague.net/api/Points?gamecode=70&seasoncode=U2024 "HTTP/1.1 200 OK"
17:12:37 INFO    HTTP Request: GET https://api-live.euroleague.net/v2/competitions/U/seasons/U2024/games/71/stats "HTTP/1.1 200 OK"
17:12:42 INFO    HTTP Request: GET https://live.euroleague.net/api/PlayByPlay?gamecode=71&seasoncode=U2024 "HTTP/1.1 200 OK"
17:12:45 INFO    HTTP Request: GET https://live.euroleague.net/api/Points?gamecode=71&seasoncode=U2024 "HTTP/1.1 200 OK"
17:12:49 INFO    HTTP Request: GET https://api-live.euroleague.net/v2/competitions/U/seasons/U2024/games/72/stats "HTTP/1.1 200 OK"
17:12:54 INFO    HTTP Request: GET https://live.euroleague.net/api/PlayByPlay?gamecode=72&seasoncode=U2024 "HTTP/1.1 200 OK"
17:12:57 INFO    HTTP Request: GET https://live.euroleague.net/api/Points?gamecode=72&seasoncode=U2024 "HTTP/1.1 200 OK"
17:13:01 INFO    HTTP Request: GET https://api-live.euroleague.net/v2/competitions/U/seasons/U2024/games/73/stats "HTTP/1.1 200 OK"
17:13:06 INFO    HTTP Request: GET https://live.euroleague.net/api/PlayByPlay?gamecode=73&seasoncode=U2024 "HTTP/1.1 200 OK"
17:13:09 INFO    HTTP Request: GET https://live.euroleague.net/api/Points?gamecode=73&seasoncode=U2024 "HTTP/1.1 200 OK"
17:13:13 INFO    HTTP Request: GET https://api-live.euroleague.net/v2/competitions/U/seasons/U2024/games/74/stats "HTTP/1.1 200 OK"
17:13:18 INFO    HTTP Request: GET https://live.euroleague.net/api/PlayByPlay?gamecode=74&seasoncode=U2024 "HTTP/1.1 200 OK"
17:13:22 INFO    HTTP Request: GET https://live.euroleague.net/api/Points?gamecode=74&seasoncode=U2024 "HTTP/1.1 200 OK"
17:13:25 INFO    HTTP Request: GET https://api-live.euroleague.net/v2/competitions/U/seasons/U2024/games/75/stats "HTTP/1.1 200 OK"
17:13:30 INFO    HTTP Request: GET https://live.euroleague.net/api/PlayByPlay?gamecode=75&seasoncode=U2024 "HTTP/1.1 200 OK"
17:13:33 INFO    HTTP Request: GET https://live.euroleague.net/api/Points?gamecode=75&seasoncode=U2024 "HTTP/1.1 200 OK"
17:13:33 INFO    U2024 75/196 games | 228 requests, 1 cached, 0 rate-limits, 941.1s slept
17:13:37 INFO    HTTP Request: GET https://api-live.euroleague.net/v2/competitions/U/seasons/U2024/games/76/stats "HTTP/1.1 200 OK"
17:13:42 INFO    HTTP Request: GET https://live.euroleague.net/api/PlayByPlay?gamecode=76&seasoncode=U2024 "HTTP/1.1 200 OK"
17:13:45 INFO    HTTP Request: GET https://live.euroleague.net/api/Points?gamecode=76&seasoncode=U2024 "HTTP/1.1 200 OK"
17:13:49 INFO    HTTP Request: GET https://api-live.euroleague.net/v2/competitions/U/seasons/U2024/games/77/stats "HTTP/1.1 200 OK"
17:13:54 INFO    HTTP Request: GET https://live.euroleague.net/api/PlayByPlay?gamecode=77&seasoncode=U2024 "HTTP/1.1 200 OK"
17:13:58 INFO    HTTP Request: GET https://live.euroleague.net/api/Points?gamecode=77&seasoncode=U2024 "HTTP/1.1 200 OK"
17:14:01 INFO    HTTP Request: GET https://api-live.euroleague.net/v2/competitions/U/seasons/U2024/games/78/stats "HTTP/1.1 200 OK"
17:14:06 INFO    HTTP Request: GET https://live.euroleague.net/api/PlayByPlay?gamecode=78&seasoncode=U2024 "HTTP/1.1 200 OK"
17:14:10 INFO    HTTP Request: GET https://live.euroleague.net/api/Points?gamecode=78&seasoncode=U2024 "HTTP/1.1 200 OK"
17:14:13 INFO    HTTP Request: GET https://api-live.euroleague.net/v2/competitions/U/seasons/U2024/games/79/stats "HTTP/1.1 200 OK"
17:14:18 INFO    HTTP Request: GET https://live.euroleague.net/api/PlayByPlay?gamecode=79&seasoncode=U2024 "HTTP/1.1 200 OK"
17:14:22 INFO    HTTP Request: GET https://live.euroleague.net/api/Points?gamecode=79&seasoncode=U2024 "HTTP/1.1 200 OK"
17:14:25 INFO    HTTP Request: GET https://api-live.euroleague.net/v2/competitions/U/seasons/U2024/games/80/stats "HTTP/1.1 200 OK"
17:14:30 INFO    HTTP Request: GET https://live.euroleague.net/api/PlayByPlay?gamecode=80&seasoncode=U2024 "HTTP/1.1 200 OK"
17:14:34 INFO    HTTP Request: GET https://live.euroleague.net/api/Points?gamecode=80&seasoncode=U2024 "HTTP/1.1 200 OK"
17:14:37 INFO    HTTP Request: GET https://api-live.euroleague.net/v2/competitions/U/seasons/U2024/games/81/stats "HTTP/1.1 200 OK"
17:14:42 INFO    HTTP Request: GET https://live.euroleague.net/api/PlayByPlay?gamecode=81&seasoncode=U2024 "HTTP/1.1 200 OK"
17:14:45 INFO    HTTP Request: GET https://live.euroleague.net/api/Points?gamecode=81&seasoncode=U2024 "HTTP/1.1 200 OK"
17:14:49 INFO    HTTP Request: GET https://api-live.euroleague.net/v2/competitions/U/seasons/U2024/games/82/stats "HTTP/1.1 200 OK"
17:14:54 INFO    HTTP Request: GET https://live.euroleague.net/api/PlayByPlay?gamecode=82&seasoncode=U2024 "HTTP/1.1 200 OK"
17:14:58 INFO    HTTP Request: GET https://live.euroleague.net/api/Points?gamecode=82&seasoncode=U2024 "HTTP/1.1 200 OK"
17:15:02 INFO    HTTP Request: GET https://api-live.euroleague.net/v2/competitions/U/seasons/U2024/games/83/stats "HTTP/1.1 200 OK"
17:15:06 INFO    HTTP Request: GET https://live.euroleague.net/api/PlayByPlay?gamecode=83&seasoncode=U2024 "HTTP/1.1 200 OK"
17:15:10 INFO    HTTP Request: GET https://live.euroleague.net/api/Points?gamecode=83&seasoncode=U2024 "HTTP/1.1 200 OK"
17:15:13 INFO    HTTP Request: GET https://api-live.euroleague.net/v2/competitions/U/seasons/U2024/games/84/stats "HTTP/1.1 200 OK"
17:15:18 INFO    HTTP Request: GET https://live.euroleague.net/api/PlayByPlay?gamecode=84&seasoncode=U2024 "HTTP/1.1 200 OK"
17:15:22 INFO    HTTP Request: GET https://live.euroleague.net/api/Points?gamecode=84&seasoncode=U2024 "HTTP/1.1 200 OK"
17:15:25 INFO    HTTP Request: GET https://api-live.euroleague.net/v2/competitions/U/seasons/U2024/games/85/stats "HTTP/1.1 200 OK"
17:15:30 INFO    HTTP Request: GET https://live.euroleague.net/api/PlayByPlay?gamecode=85&seasoncode=U2024 "HTTP/1.1 200 OK"
17:15:34 INFO    HTTP Request: GET https://live.euroleague.net/api/Points?gamecode=85&seasoncode=U2024 "HTTP/1.1 200 OK"
17:15:37 INFO    HTTP Request: GET https://api-live.euroleague.net/v2/competitions/U/seasons/U2024/games/86/stats "HTTP/1.1 200 OK"
17:15:42 INFO    HTTP Request: GET https://live.euroleague.net/api/PlayByPlay?gamecode=86&seasoncode=U2024 "HTTP/1.1 200 OK"
17:15:46 INFO    HTTP Request: GET https://live.euroleague.net/api/Points?gamecode=86&seasoncode=U2024 "HTTP/1.1 200 OK"
17:15:49 INFO    HTTP Request: GET https://api-live.euroleague.net/v2/competitions/U/seasons/U2024/games/87/stats "HTTP/1.1 200 OK"
17:15:54 INFO    HTTP Request: GET https://live.euroleague.net/api/PlayByPlay?gamecode=87&seasoncode=U2024 "HTTP/1.1 200 OK"
17:15:58 INFO    HTTP Request: GET https://live.euroleague.net/api/Points?gamecode=87&seasoncode=U2024 "HTTP/1.1 200 OK"
17:16:02 INFO    HTTP Request: GET https://api-live.euroleague.net/v2/competitions/U/seasons/U2024/games/88/stats "HTTP/1.1 200 OK"
17:16:06 INFO    HTTP Request: GET https://live.euroleague.net/api/PlayByPlay?gamecode=88&seasoncode=U2024 "HTTP/1.1 200 OK"
17:16:10 INFO    HTTP Request: GET https://live.euroleague.net/api/Points?gamecode=88&seasoncode=U2024 "HTTP/1.1 200 OK"
17:16:14 INFO    HTTP Request: GET https://api-live.euroleague.net/v2/competitions/U/seasons/U2024/games/89/stats "HTTP/1.1 200 OK"
17:16:18 INFO    HTTP Request: GET https://live.euroleague.net/api/PlayByPlay?gamecode=89&seasoncode=U2024 "HTTP/1.1 200 OK"
17:16:22 INFO    HTTP Request: GET https://live.euroleague.net/api/Points?gamecode=89&seasoncode=U2024 "HTTP/1.1 200 OK"
17:16:26 INFO    HTTP Request: GET https://api-live.euroleague.net/v2/competitions/U/seasons/U2024/games/90/stats "HTTP/1.1 200 OK"
17:16:30 INFO    HTTP Request: GET https://live.euroleague.net/api/PlayByPlay?gamecode=90&seasoncode=U2024 "HTTP/1.1 200 OK"
17:16:34 INFO    HTTP Request: GET https://live.euroleague.net/api/Points?gamecode=90&seasoncode=U2024 "HTTP/1.1 200 OK"
17:16:38 INFO    HTTP Request: GET https://api-live.euroleague.net/v2/competitions/U/seasons/U2024/games/91/stats "HTTP/1.1 200 OK"
17:16:42 INFO    HTTP Request: GET https://live.euroleague.net/api/PlayByPlay?gamecode=91&seasoncode=U2024 "HTTP/1.1 200 OK"
17:16:46 INFO    HTTP Request: GET https://live.euroleague.net/api/Points?gamecode=91&seasoncode=U2024 "HTTP/1.1 200 OK"
17:16:50 INFO    HTTP Request: GET https://api-live.euroleague.net/v2/competitions/U/seasons/U2024/games/92/stats "HTTP/1.1 200 OK"
17:16:54 INFO    HTTP Request: GET https://live.euroleague.net/api/PlayByPlay?gamecode=92&seasoncode=U2024 "HTTP/1.1 200 OK"
17:16:58 INFO    HTTP Request: GET https://live.euroleague.net/api/Points?gamecode=92&seasoncode=U2024 "HTTP/1.1 200 OK"
17:17:02 INFO    HTTP Request: GET https://api-live.euroleague.net/v2/competitions/U/seasons/U2024/games/93/stats "HTTP/1.1 200 OK"
17:17:06 INFO    HTTP Request: GET https://live.euroleague.net/api/PlayByPlay?gamecode=93&seasoncode=U2024 "HTTP/1.1 200 OK"
17:17:10 INFO    HTTP Request: GET https://live.euroleague.net/api/Points?gamecode=93&seasoncode=U2024 "HTTP/1.1 200 OK"
17:17:14 INFO    HTTP Request: GET https://api-live.euroleague.net/v2/competitions/U/seasons/U2024/games/94/stats "HTTP/1.1 200 OK"
17:17:18 INFO    HTTP Request: GET https://live.euroleague.net/api/PlayByPlay?gamecode=94&seasoncode=U2024 "HTTP/1.1 200 OK"
17:17:22 INFO    HTTP Request: GET https://live.euroleague.net/api/Points?gamecode=94&seasoncode=U2024 "HTTP/1.1 200 OK"
17:17:26 INFO    HTTP Request: GET https://api-live.euroleague.net/v2/competitions/U/seasons/U2024/games/95/stats "HTTP/1.1 200 OK"
17:17:30 INFO    HTTP Request: GET https://live.euroleague.net/api/PlayByPlay?gamecode=95&seasoncode=U2024 "HTTP/1.1 200 OK"
17:17:34 INFO    HTTP Request: GET https://live.euroleague.net/api/Points?gamecode=95&seasoncode=U2024 "HTTP/1.1 200 OK"
17:17:38 INFO    HTTP Request: GET https://api-live.euroleague.net/v2/competitions/U/seasons/U2024/games/96/stats "HTTP/1.1 200 OK"
17:17:42 INFO    HTTP Request: GET https://live.euroleague.net/api/PlayByPlay?gamecode=96&seasoncode=U2024 "HTTP/1.1 200 OK"
17:17:46 INFO    HTTP Request: GET https://live.euroleague.net/api/Points?gamecode=96&seasoncode=U2024 "HTTP/1.1 200 OK"
17:17:50 INFO    HTTP Request: GET https://api-live.euroleague.net/v2/competitions/U/seasons/U2024/games/97/stats "HTTP/1.1 200 OK"
17:17:54 INFO    HTTP Request: GET https://live.euroleague.net/api/PlayByPlay?gamecode=97&seasoncode=U2024 "HTTP/1.1 200 OK"
17:17:58 INFO    HTTP Request: GET https://live.euroleague.net/api/Points?gamecode=97&seasoncode=U2024 "HTTP/1.1 200 OK"
17:18:02 INFO    HTTP Request: GET https://api-live.euroleague.net/v2/competitions/U/seasons/U2024/games/98/stats "HTTP/1.1 200 OK"
17:18:06 INFO    HTTP Request: GET https://live.euroleague.net/api/PlayByPlay?gamecode=98&seasoncode=U2024 "HTTP/1.1 200 OK"
17:18:10 INFO    HTTP Request: GET https://live.euroleague.net/api/Points?gamecode=98&seasoncode=U2024 "HTTP/1.1 200 OK"
17:18:14 INFO    HTTP Request: GET https://api-live.euroleague.net/v2/competitions/U/seasons/U2024/games/99/stats "HTTP/1.1 200 OK"
17:18:18 INFO    HTTP Request: GET https://live.euroleague.net/api/PlayByPlay?gamecode=99&seasoncode=U2024 "HTTP/1.1 200 OK"
17:18:22 INFO    HTTP Request: GET https://live.euroleague.net/api/Points?gamecode=99&seasoncode=U2024 "HTTP/1.1 200 OK"
17:18:26 INFO    HTTP Request: GET https://api-live.euroleague.net/v2/competitions/U/seasons/U2024/games/100/stats "HTTP/1.1 200 OK"
17:18:30 INFO    HTTP Request: GET https://live.euroleague.net/api/PlayByPlay?gamecode=100&seasoncode=U2024 "HTTP/1.1 200 OK"
17:18:34 INFO    HTTP Request: GET https://live.euroleague.net/api/Points?gamecode=100&seasoncode=U2024 "HTTP/1.1 200 OK"
17:18:34 INFO    U2024 100/196 games | 303 requests, 1 cached, 0 rate-limits, 1192.4s slept
17:18:38 INFO    HTTP Request: GET https://api-live.euroleague.net/v2/competitions/U/seasons/U2024/games/101/stats "HTTP/1.1 200 OK"
17:18:42 INFO    HTTP Request: GET https://live.euroleague.net/api/PlayByPlay?gamecode=101&seasoncode=U2024 "HTTP/1.1 200 OK"
17:18:46 INFO    HTTP Request: GET https://live.euroleague.net/api/Points?gamecode=101&seasoncode=U2024 "HTTP/1.1 200 OK"
17:18:50 INFO    HTTP Request: GET https://api-live.euroleague.net/v2/competitions/U/seasons/U2024/games/102/stats "HTTP/1.1 200 OK"
17:18:54 INFO    HTTP Request: GET https://live.euroleague.net/api/PlayByPlay?gamecode=102&seasoncode=U2024 "HTTP/1.1 200 OK"
17:18:58 INFO    HTTP Request: GET https://live.euroleague.net/api/Points?gamecode=102&seasoncode=U2024 "HTTP/1.1 200 OK"
17:19:02 INFO    HTTP Request: GET https://api-live.euroleague.net/v2/competitions/U/seasons/U2024/games/103/stats "HTTP/1.1 200 OK"
17:19:06 INFO    HTTP Request: GET https://live.euroleague.net/api/PlayByPlay?gamecode=103&seasoncode=U2024 "HTTP/1.1 200 OK"
17:19:10 INFO    HTTP Request: GET https://live.euroleague.net/api/Points?gamecode=103&seasoncode=U2024 "HTTP/1.1 200 OK"
17:19:14 INFO    HTTP Request: GET https://api-live.euroleague.net/v2/competitions/U/seasons/U2024/games/104/stats "HTTP/1.1 200 OK"
17:19:18 INFO    HTTP Request: GET https://live.euroleague.net/api/PlayByPlay?gamecode=104&seasoncode=U2024 "HTTP/1.1 200 OK"
17:19:22 INFO    HTTP Request: GET https://live.euroleague.net/api/Points?gamecode=104&seasoncode=U2024 "HTTP/1.1 200 OK"
17:19:26 INFO    HTTP Request: GET https://api-live.euroleague.net/v2/competitions/U/seasons/U2024/games/105/stats "HTTP/1.1 200 OK"
17:19:30 INFO    HTTP Request: GET https://live.euroleague.net/api/PlayByPlay?gamecode=105&seasoncode=U2024 "HTTP/1.1 200 OK"
17:19:34 INFO    HTTP Request: GET https://live.euroleague.net/api/Points?gamecode=105&seasoncode=U2024 "HTTP/1.1 200 OK"
17:19:38 INFO    HTTP Request: GET https://api-live.euroleague.net/v2/competitions/U/seasons/U2024/games/106/stats "HTTP/1.1 200 OK"
17:19:42 INFO    HTTP Request: GET https://live.euroleague.net/api/PlayByPlay?gamecode=106&seasoncode=U2024 "HTTP/1.1 200 OK"
17:19:46 INFO    HTTP Request: GET https://live.euroleague.net/api/Points?gamecode=106&seasoncode=U2024 "HTTP/1.1 200 OK"
17:19:50 INFO    HTTP Request: GET https://api-live.euroleague.net/v2/competitions/U/seasons/U2024/games/107/stats "HTTP/1.1 200 OK"
17:19:54 INFO    HTTP Request: GET https://live.euroleague.net/api/PlayByPlay?gamecode=107&seasoncode=U2024 "HTTP/1.1 200 OK"
17:19:58 INFO    HTTP Request: GET https://live.euroleague.net/api/Points?gamecode=107&seasoncode=U2024 "HTTP/1.1 200 OK"
17:20:02 INFO    HTTP Request: GET https://api-live.euroleague.net/v2/competitions/U/seasons/U2024/games/108/stats "HTTP/1.1 200 OK"
17:20:06 INFO    HTTP Request: GET https://live.euroleague.net/api/PlayByPlay?gamecode=108&seasoncode=U2024 "HTTP/1.1 200 OK"
17:20:10 INFO    HTTP Request: GET https://live.euroleague.net/api/Points?gamecode=108&seasoncode=U2024 "HTTP/1.1 200 OK"
17:20:14 INFO    HTTP Request: GET https://api-live.euroleague.net/v2/competitions/U/seasons/U2024/games/109/stats "HTTP/1.1 200 OK"
17:20:18 INFO    HTTP Request: GET https://live.euroleague.net/api/PlayByPlay?gamecode=109&seasoncode=U2024 "HTTP/1.1 200 OK"
17:20:22 INFO    HTTP Request: GET https://live.euroleague.net/api/Points?gamecode=109&seasoncode=U2024 "HTTP/1.1 200 OK"
17:20:26 INFO    HTTP Request: GET https://api-live.euroleague.net/v2/competitions/U/seasons/U2024/games/110/stats "HTTP/1.1 200 OK"
17:20:31 INFO    HTTP Request: GET https://live.euroleague.net/api/PlayByPlay?gamecode=110&seasoncode=U2024 "HTTP/1.1 200 OK"
17:20:34 INFO    HTTP Request: GET https://live.euroleague.net/api/Points?gamecode=110&seasoncode=U2024 "HTTP/1.1 200 OK"
17:20:38 INFO    HTTP Request: GET https://api-live.euroleague.net/v2/competitions/U/seasons/U2024/games/111/stats "HTTP/1.1 200 OK"
17:20:42 INFO    HTTP Request: GET https://live.euroleague.net/api/PlayByPlay?gamecode=111&seasoncode=U2024 "HTTP/1.1 200 OK"
17:20:46 INFO    HTTP Request: GET https://live.euroleague.net/api/Points?gamecode=111&seasoncode=U2024 "HTTP/1.1 200 OK"
17:20:50 INFO    HTTP Request: GET https://api-live.euroleague.net/v2/competitions/U/seasons/U2024/games/112/stats "HTTP/1.1 200 OK"
17:20:55 INFO    HTTP Request: GET https://live.euroleague.net/api/PlayByPlay?gamecode=112&seasoncode=U2024 "HTTP/1.1 200 OK"
17:20:58 INFO    HTTP Request: GET https://live.euroleague.net/api/Points?gamecode=112&seasoncode=U2024 "HTTP/1.1 200 OK"
17:21:02 INFO    HTTP Request: GET https://api-live.euroleague.net/v2/competitions/U/seasons/U2024/games/113/stats "HTTP/1.1 200 OK"
17:21:07 INFO    HTTP Request: GET https://live.euroleague.net/api/PlayByPlay?gamecode=113&seasoncode=U2024 "HTTP/1.1 200 OK"
17:21:11 INFO    HTTP Request: GET https://live.euroleague.net/api/Points?gamecode=113&seasoncode=U2024 "HTTP/1.1 200 OK"
17:21:14 INFO    HTTP Request: GET https://api-live.euroleague.net/v2/competitions/U/seasons/U2024/games/114/stats "HTTP/1.1 200 OK"
17:21:18 INFO    HTTP Request: GET https://live.euroleague.net/api/PlayByPlay?gamecode=114&seasoncode=U2024 "HTTP/1.1 200 OK"
17:21:22 INFO    HTTP Request: GET https://live.euroleague.net/api/Points?gamecode=114&seasoncode=U2024 "HTTP/1.1 200 OK"
17:21:26 INFO    HTTP Request: GET https://api-live.euroleague.net/v2/competitions/U/seasons/U2024/games/115/stats "HTTP/1.1 200 OK"
17:21:31 INFO    HTTP Request: GET https://live.euroleague.net/api/PlayByPlay?gamecode=115&seasoncode=U2024 "HTTP/1.1 200 OK"
17:21:35 INFO    HTTP Request: GET https://live.euroleague.net/api/Points?gamecode=115&seasoncode=U2024 "HTTP/1.1 200 OK"
17:21:38 INFO    HTTP Request: GET https://api-live.euroleague.net/v2/competitions/U/seasons/U2024/games/116/stats "HTTP/1.1 200 OK"
17:21:43 INFO    HTTP Request: GET https://live.euroleague.net/api/PlayByPlay?gamecode=116&seasoncode=U2024 "HTTP/1.1 200 OK"
17:21:46 INFO    HTTP Request: GET https://live.euroleague.net/api/Points?gamecode=116&seasoncode=U2024 "HTTP/1.1 200 OK"
17:21:50 INFO    HTTP Request: GET https://api-live.euroleague.net/v2/competitions/U/seasons/U2024/games/117/stats "HTTP/1.1 200 OK"
17:21:55 INFO    HTTP Request: GET https://live.euroleague.net/api/PlayByPlay?gamecode=117&seasoncode=U2024 "HTTP/1.1 200 OK"
17:21:58 INFO    HTTP Request: GET https://live.euroleague.net/api/Points?gamecode=117&seasoncode=U2024 "HTTP/1.1 200 OK"
17:22:02 INFO    HTTP Request: GET https://api-live.euroleague.net/v2/competitions/U/seasons/U2024/games/118/stats "HTTP/1.1 200 OK"
17:22:07 INFO    HTTP Request: GET https://live.euroleague.net/api/PlayByPlay?gamecode=118&seasoncode=U2024 "HTTP/1.1 200 OK"
17:22:11 INFO    HTTP Request: GET https://live.euroleague.net/api/Points?gamecode=118&seasoncode=U2024 "HTTP/1.1 200 OK"
17:22:14 INFO    HTTP Request: GET https://api-live.euroleague.net/v2/competitions/U/seasons/U2024/games/119/stats "HTTP/1.1 200 OK"
17:22:19 INFO    HTTP Request: GET https://live.euroleague.net/api/PlayByPlay?gamecode=119&seasoncode=U2024 "HTTP/1.1 200 OK"
17:22:22 INFO    HTTP Request: GET https://live.euroleague.net/api/Points?gamecode=119&seasoncode=U2024 "HTTP/1.1 200 OK"
17:22:26 INFO    HTTP Request: GET https://api-live.euroleague.net/v2/competitions/U/seasons/U2024/games/120/stats "HTTP/1.1 200 OK"
17:22:31 INFO    HTTP Request: GET https://live.euroleague.net/api/PlayByPlay?gamecode=120&seasoncode=U2024 "HTTP/1.1 200 OK"
17:22:34 INFO    HTTP Request: GET https://live.euroleague.net/api/Points?gamecode=120&seasoncode=U2024 "HTTP/1.1 200 OK"
17:22:38 INFO    HTTP Request: GET https://api-live.euroleague.net/v2/competitions/U/seasons/U2024/games/121/stats "HTTP/1.1 200 OK"
17:22:43 INFO    HTTP Request: GET https://live.euroleague.net/api/PlayByPlay?gamecode=121&seasoncode=U2024 "HTTP/1.1 200 OK"
17:22:46 INFO    HTTP Request: GET https://live.euroleague.net/api/Points?gamecode=121&seasoncode=U2024 "HTTP/1.1 200 OK"
17:22:50 INFO    HTTP Request: GET https://api-live.euroleague.net/v2/competitions/U/seasons/U2024/games/122/stats "HTTP/1.1 200 OK"
17:22:55 INFO    HTTP Request: GET https://live.euroleague.net/api/PlayByPlay?gamecode=122&seasoncode=U2024 "HTTP/1.1 200 OK"
17:22:59 INFO    HTTP Request: GET https://live.euroleague.net/api/Points?gamecode=122&seasoncode=U2024 "HTTP/1.1 200 OK"
17:23:02 INFO    HTTP Request: GET https://api-live.euroleague.net/v2/competitions/U/seasons/U2024/games/123/stats "HTTP/1.1 200 OK"
17:23:07 INFO    HTTP Request: GET https://live.euroleague.net/api/PlayByPlay?gamecode=123&seasoncode=U2024 "HTTP/1.1 200 OK"
17:23:10 INFO    HTTP Request: GET https://live.euroleague.net/api/Points?gamecode=123&seasoncode=U2024 "HTTP/1.1 200 OK"
17:23:14 INFO    HTTP Request: GET https://api-live.euroleague.net/v2/competitions/U/seasons/U2024/games/124/stats "HTTP/1.1 200 OK"
17:23:19 INFO    HTTP Request: GET https://live.euroleague.net/api/PlayByPlay?gamecode=124&seasoncode=U2024 "HTTP/1.1 200 OK"
17:23:23 INFO    HTTP Request: GET https://live.euroleague.net/api/Points?gamecode=124&seasoncode=U2024 "HTTP/1.1 200 OK"
17:23:27 INFO    HTTP Request: GET https://api-live.euroleague.net/v2/competitions/U/seasons/U2024/games/125/stats "HTTP/1.1 200 OK"
17:23:31 INFO    HTTP Request: GET https://live.euroleague.net/api/PlayByPlay?gamecode=125&seasoncode=U2024 "HTTP/1.1 200 OK"
17:23:35 INFO    HTTP Request: GET https://live.euroleague.net/api/Points?gamecode=125&seasoncode=U2024 "HTTP/1.1 200 OK"
17:23:35 INFO    U2024 125/196 games | 378 requests, 1 cached, 0 rate-limits, 1444.7s slept
17:23:38 INFO    HTTP Request: GET https://api-live.euroleague.net/v2/competitions/U/seasons/U2024/games/126/stats "HTTP/1.1 200 OK"
17:23:43 INFO    HTTP Request: GET https://live.euroleague.net/api/PlayByPlay?gamecode=126&seasoncode=U2024 "HTTP/1.1 200 OK"
17:23:47 INFO    HTTP Request: GET https://live.euroleague.net/api/Points?gamecode=126&seasoncode=U2024 "HTTP/1.1 200 OK"
17:23:50 INFO    HTTP Request: GET https://api-live.euroleague.net/v2/competitions/U/seasons/U2024/games/127/stats "HTTP/1.1 200 OK"
17:23:55 INFO    HTTP Request: GET https://live.euroleague.net/api/PlayByPlay?gamecode=127&seasoncode=U2024 "HTTP/1.1 200 OK"
17:23:59 INFO    HTTP Request: GET https://live.euroleague.net/api/Points?gamecode=127&seasoncode=U2024 "HTTP/1.1 200 OK"
17:24:02 INFO    HTTP Request: GET https://api-live.euroleague.net/v2/competitions/U/seasons/U2024/games/128/stats "HTTP/1.1 200 OK"
17:24:07 INFO    HTTP Request: GET https://live.euroleague.net/api/PlayByPlay?gamecode=128&seasoncode=U2024 "HTTP/1.1 200 OK"
17:24:11 INFO    HTTP Request: GET https://live.euroleague.net/api/Points?gamecode=128&seasoncode=U2024 "HTTP/1.1 200 OK"
17:24:15 INFO    HTTP Request: GET https://api-live.euroleague.net/v2/competitions/U/seasons/U2024/games/129/stats "HTTP/1.1 200 OK"
17:24:19 INFO    HTTP Request: GET https://live.euroleague.net/api/PlayByPlay?gamecode=129&seasoncode=U2024 "HTTP/1.1 200 OK"
17:24:23 INFO    HTTP Request: GET https://live.euroleague.net/api/Points?gamecode=129&seasoncode=U2024 "HTTP/1.1 200 OK"
17:24:26 INFO    HTTP Request: GET https://api-live.euroleague.net/v2/competitions/U/seasons/U2024/games/130/stats "HTTP/1.1 200 OK"
17:24:31 INFO    HTTP Request: GET https://live.euroleague.net/api/PlayByPlay?gamecode=130&seasoncode=U2024 "HTTP/1.1 200 OK"
17:24:35 INFO    HTTP Request: GET https://live.euroleague.net/api/Points?gamecode=130&seasoncode=U2024 "HTTP/1.1 200 OK"
17:24:38 INFO    HTTP Request: GET https://api-live.euroleague.net/v2/competitions/U/seasons/U2024/games/131/stats "HTTP/1.1 200 OK"
17:24:43 INFO    HTTP Request: GET https://live.euroleague.net/api/PlayByPlay?gamecode=131&seasoncode=U2024 "HTTP/1.1 200 OK"
17:24:47 INFO    HTTP Request: GET https://live.euroleague.net/api/Points?gamecode=131&seasoncode=U2024 "HTTP/1.1 200 OK"
17:24:50 INFO    HTTP Request: GET https://api-live.euroleague.net/v2/competitions/U/seasons/U2024/games/132/stats "HTTP/1.1 200 OK"
17:24:55 INFO    HTTP Request: GET https://live.euroleague.net/api/PlayByPlay?gamecode=132&seasoncode=U2024 "HTTP/1.1 200 OK"
17:24:59 INFO    HTTP Request: GET https://live.euroleague.net/api/Points?gamecode=132&seasoncode=U2024 "HTTP/1.1 200 OK"
17:25:03 INFO    HTTP Request: GET https://api-live.euroleague.net/v2/competitions/U/seasons/U2024/games/133/stats "HTTP/1.1 200 OK"
17:25:07 INFO    HTTP Request: GET https://live.euroleague.net/api/PlayByPlay?gamecode=133&seasoncode=U2024 "HTTP/1.1 200 OK"
17:25:11 INFO    HTTP Request: GET https://live.euroleague.net/api/Points?gamecode=133&seasoncode=U2024 "HTTP/1.1 200 OK"
17:25:15 INFO    HTTP Request: GET https://api-live.euroleague.net/v2/competitions/U/seasons/U2024/games/134/stats "HTTP/1.1 200 OK"
17:25:19 INFO    HTTP Request: GET https://live.euroleague.net/api/PlayByPlay?gamecode=134&seasoncode=U2024 "HTTP/1.1 200 OK"
17:25:23 INFO    HTTP Request: GET https://live.euroleague.net/api/Points?gamecode=134&seasoncode=U2024 "HTTP/1.1 200 OK"
17:25:27 INFO    HTTP Request: GET https://api-live.euroleague.net/v2/competitions/U/seasons/U2024/games/135/stats "HTTP/1.1 200 OK"
17:25:31 INFO    HTTP Request: GET https://live.euroleague.net/api/PlayByPlay?gamecode=135&seasoncode=U2024 "HTTP/1.1 200 OK"
17:25:35 INFO    HTTP Request: GET https://live.euroleague.net/api/Points?gamecode=135&seasoncode=U2024 "HTTP/1.1 200 OK"
17:25:39 INFO    HTTP Request: GET https://api-live.euroleague.net/v2/competitions/U/seasons/U2024/games/136/stats "HTTP/1.1 200 OK"
17:25:43 INFO    HTTP Request: GET https://live.euroleague.net/api/PlayByPlay?gamecode=136&seasoncode=U2024 "HTTP/1.1 200 OK"
17:25:47 INFO    HTTP Request: GET https://live.euroleague.net/api/Points?gamecode=136&seasoncode=U2024 "HTTP/1.1 200 OK"
17:25:51 INFO    HTTP Request: GET https://api-live.euroleague.net/v2/competitions/U/seasons/U2024/games/137/stats "HTTP/1.1 200 OK"
17:25:55 INFO    HTTP Request: GET https://live.euroleague.net/api/PlayByPlay?gamecode=137&seasoncode=U2024 "HTTP/1.1 200 OK"
17:25:59 INFO    HTTP Request: GET https://live.euroleague.net/api/Points?gamecode=137&seasoncode=U2024 "HTTP/1.1 200 OK"
17:26:03 INFO    HTTP Request: GET https://api-live.euroleague.net/v2/competitions/U/seasons/U2024/games/138/stats "HTTP/1.1 200 OK"
17:26:07 INFO    HTTP Request: GET https://live.euroleague.net/api/PlayByPlay?gamecode=138&seasoncode=U2024 "HTTP/1.1 200 OK"
17:26:11 INFO    HTTP Request: GET https://live.euroleague.net/api/Points?gamecode=138&seasoncode=U2024 "HTTP/1.1 200 OK"
17:26:15 INFO    HTTP Request: GET https://api-live.euroleague.net/v2/competitions/U/seasons/U2024/games/139/stats "HTTP/1.1 200 OK"
17:26:19 INFO    HTTP Request: GET https://live.euroleague.net/api/PlayByPlay?gamecode=139&seasoncode=U2024 "HTTP/1.1 200 OK"
17:26:23 INFO    HTTP Request: GET https://live.euroleague.net/api/Points?gamecode=139&seasoncode=U2024 "HTTP/1.1 200 OK"
17:26:27 INFO    HTTP Request: GET https://api-live.euroleague.net/v2/competitions/U/seasons/U2024/games/140/stats "HTTP/1.1 200 OK"
17:26:31 INFO    HTTP Request: GET https://live.euroleague.net/api/PlayByPlay?gamecode=140&seasoncode=U2024 "HTTP/1.1 200 OK"
17:26:35 INFO    HTTP Request: GET https://live.euroleague.net/api/Points?gamecode=140&seasoncode=U2024 "HTTP/1.1 200 OK"
17:26:39 INFO    HTTP Request: GET https://api-live.euroleague.net/v2/competitions/U/seasons/U2024/games/141/stats "HTTP/1.1 200 OK"
17:26:43 INFO    HTTP Request: GET https://live.euroleague.net/api/PlayByPlay?gamecode=141&seasoncode=U2024 "HTTP/1.1 200 OK"
17:26:47 INFO    HTTP Request: GET https://live.euroleague.net/api/Points?gamecode=141&seasoncode=U2024 "HTTP/1.1 200 OK"
17:26:51 INFO    HTTP Request: GET https://api-live.euroleague.net/v2/competitions/U/seasons/U2024/games/142/stats "HTTP/1.1 200 OK"
17:26:55 INFO    HTTP Request: GET https://live.euroleague.net/api/PlayByPlay?gamecode=142&seasoncode=U2024 "HTTP/1.1 200 OK"
17:26:59 INFO    HTTP Request: GET https://live.euroleague.net/api/Points?gamecode=142&seasoncode=U2024 "HTTP/1.1 200 OK"
17:27:03 INFO    HTTP Request: GET https://api-live.euroleague.net/v2/competitions/U/seasons/U2024/games/143/stats "HTTP/1.1 200 OK"
17:27:07 INFO    HTTP Request: GET https://live.euroleague.net/api/PlayByPlay?gamecode=143&seasoncode=U2024 "HTTP/1.1 200 OK"
17:27:11 INFO    HTTP Request: GET https://live.euroleague.net/api/Points?gamecode=143&seasoncode=U2024 "HTTP/1.1 200 OK"
17:27:15 INFO    HTTP Request: GET https://api-live.euroleague.net/v2/competitions/U/seasons/U2024/games/144/stats "HTTP/1.1 200 OK"
17:27:19 INFO    HTTP Request: GET https://live.euroleague.net/api/PlayByPlay?gamecode=144&seasoncode=U2024 "HTTP/1.1 200 OK"
17:27:23 INFO    HTTP Request: GET https://live.euroleague.net/api/Points?gamecode=144&seasoncode=U2024 "HTTP/1.1 200 OK"
17:27:27 INFO    HTTP Request: GET https://api-live.euroleague.net/v2/competitions/U/seasons/U2024/games/145/stats "HTTP/1.1 200 OK"
17:27:31 INFO    HTTP Request: GET https://live.euroleague.net/api/PlayByPlay?gamecode=145&seasoncode=U2024 "HTTP/1.1 200 OK"
17:27:35 INFO    HTTP Request: GET https://live.euroleague.net/api/Points?gamecode=145&seasoncode=U2024 "HTTP/1.1 200 OK"
17:27:39 INFO    HTTP Request: GET https://api-live.euroleague.net/v2/competitions/U/seasons/U2024/games/146/stats "HTTP/1.1 200 OK"
17:27:43 INFO    HTTP Request: GET https://live.euroleague.net/api/PlayByPlay?gamecode=146&seasoncode=U2024 "HTTP/1.1 200 OK"
17:27:47 INFO    HTTP Request: GET https://live.euroleague.net/api/Points?gamecode=146&seasoncode=U2024 "HTTP/1.1 200 OK"
17:27:51 INFO    HTTP Request: GET https://api-live.euroleague.net/v2/competitions/U/seasons/U2024/games/147/stats "HTTP/1.1 200 OK"
17:27:55 INFO    HTTP Request: GET https://live.euroleague.net/api/PlayByPlay?gamecode=147&seasoncode=U2024 "HTTP/1.1 200 OK"
17:27:59 INFO    HTTP Request: GET https://live.euroleague.net/api/Points?gamecode=147&seasoncode=U2024 "HTTP/1.1 200 OK"
17:28:03 INFO    HTTP Request: GET https://api-live.euroleague.net/v2/competitions/U/seasons/U2024/games/148/stats "HTTP/1.1 200 OK"
17:28:07 INFO    HTTP Request: GET https://live.euroleague.net/api/PlayByPlay?gamecode=148&seasoncode=U2024 "HTTP/1.1 200 OK"
17:28:11 INFO    HTTP Request: GET https://live.euroleague.net/api/Points?gamecode=148&seasoncode=U2024 "HTTP/1.1 200 OK"
17:28:15 INFO    HTTP Request: GET https://api-live.euroleague.net/v2/competitions/U/seasons/U2024/games/149/stats "HTTP/1.1 200 OK"
17:28:19 INFO    HTTP Request: GET https://live.euroleague.net/api/PlayByPlay?gamecode=149&seasoncode=U2024 "HTTP/1.1 200 OK"
17:28:23 INFO    HTTP Request: GET https://live.euroleague.net/api/Points?gamecode=149&seasoncode=U2024 "HTTP/1.1 200 OK"
17:28:27 INFO    HTTP Request: GET https://api-live.euroleague.net/v2/competitions/U/seasons/U2024/games/150/stats "HTTP/1.1 200 OK"
17:28:31 INFO    HTTP Request: GET https://live.euroleague.net/api/PlayByPlay?gamecode=150&seasoncode=U2024 "HTTP/1.1 200 OK"
17:28:35 INFO    HTTP Request: GET https://live.euroleague.net/api/Points?gamecode=150&seasoncode=U2024 "HTTP/1.1 200 OK"
17:28:35 INFO    U2024 150/196 games | 453 requests, 1 cached, 0 rate-limits, 1697.4s slept
17:28:39 INFO    HTTP Request: GET https://api-live.euroleague.net/v2/competitions/U/seasons/U2024/games/151/stats "HTTP/1.1 200 OK"
17:28:43 INFO    HTTP Request: GET https://live.euroleague.net/api/PlayByPlay?gamecode=151&seasoncode=U2024 "HTTP/1.1 200 OK"
17:28:47 INFO    HTTP Request: GET https://live.euroleague.net/api/Points?gamecode=151&seasoncode=U2024 "HTTP/1.1 200 OK"
17:28:51 INFO    HTTP Request: GET https://api-live.euroleague.net/v2/competitions/U/seasons/U2024/games/152/stats "HTTP/1.1 200 OK"
17:44:19 INFO    HTTP Request: GET https://live.euroleague.net/api/PlayByPlay?gamecode=152&seasoncode=U2024 "HTTP/1.1 200 OK"
17:49:16 INFO    HTTP Request: GET https://live.euroleague.net/api/Points?gamecode=152&seasoncode=U2024 "HTTP/1.1 200 OK"
17:49:20 INFO    HTTP Request: GET https://api-live.euroleague.net/v2/competitions/U/seasons/U2024/games/153/stats "HTTP/1.1 200 OK"
17:50:08 INFO    HTTP Request: GET https://live.euroleague.net/api/PlayByPlay?gamecode=153&seasoncode=U2024 "HTTP/1.1 200 OK"
17:50:12 INFO    HTTP Request: GET https://live.euroleague.net/api/Points?gamecode=153&seasoncode=U2024 "HTTP/1.1 200 OK"
18:05:54 INFO    HTTP Request: GET https://api-live.euroleague.net/v2/competitions/U/seasons/U2024/games/154/stats "HTTP/1.1 200 OK"
18:21:16 INFO    HTTP Request: GET https://live.euroleague.net/api/PlayByPlay?gamecode=154&seasoncode=U2024 "HTTP/1.1 200 OK"
18:21:20 INFO    HTTP Request: GET https://live.euroleague.net/api/Points?gamecode=154&seasoncode=U2024 "HTTP/1.1 200 OK"
18:38:52 INFO    HTTP Request: GET https://api-live.euroleague.net/v2/competitions/U/seasons/U2024/games/155/stats "HTTP/1.1 200 OK"
18:44:07 INFO    HTTP Request: GET https://live.euroleague.net/api/PlayByPlay?gamecode=155&seasoncode=U2024 "HTTP/1.1 200 OK"
18:44:11 INFO    HTTP Request: GET https://live.euroleague.net/api/Points?gamecode=155&seasoncode=U2024 "HTTP/1.1 200 OK"
18:59:28 INFO    HTTP Request: GET https://api-live.euroleague.net/v2/competitions/U/seasons/U2024/games/156/stats "HTTP/1.1 200 OK"
19:04:24 INFO    HTTP Request: GET https://live.euroleague.net/api/PlayByPlay?gamecode=156&seasoncode=U2024 "HTTP/1.1 200 OK"
19:04:28 INFO    HTTP Request: GET https://live.euroleague.net/api/Points?gamecode=156&seasoncode=U2024 "HTTP/1.1 200 OK"
19:04:32 INFO    HTTP Request: GET https://api-live.euroleague.net/v2/competitions/U/seasons/U2024/games/157/stats "HTTP/1.1 200 OK"
19:20:01 INFO    HTTP Request: GET https://live.euroleague.net/api/PlayByPlay?gamecode=157&seasoncode=U2024 "HTTP/1.1 200 OK"
19:37:28 WARNING transport error RemoteProtocolError on https://live.euroleague.net/api/Points?gamecode=157&seasoncode=U2024 (attempt 1)
19:37:32 INFO    HTTP Request: GET https://live.euroleague.net/api/Points?gamecode=157&seasoncode=U2024 "HTTP/1.1 200 OK"
19:45:09 INFO    HTTP Request: GET https://api-live.euroleague.net/v2/competitions/U/seasons/U2024/games/158/stats "HTTP/1.1 200 OK"
20:02:29 INFO    HTTP Request: GET https://live.euroleague.net/api/PlayByPlay?gamecode=158&seasoncode=U2024 "HTTP/1.1 200 OK"
20:02:31 INFO    HTTP Request: GET https://live.euroleague.net/api/Points?gamecode=158&seasoncode=U2024 "HTTP/1.1 200 OK"
20:19:23 INFO    HTTP Request: GET https://api-live.euroleague.net/v2/competitions/U/seasons/U2024/games/159/stats "HTTP/1.1 200 OK"
20:19:37 INFO    HTTP Request: GET https://live.euroleague.net/api/PlayByPlay?gamecode=159&seasoncode=U2024 "HTTP/1.1 200 OK"
20:19:41 INFO    HTTP Request: GET https://live.euroleague.net/api/Points?gamecode=159&seasoncode=U2024 "HTTP/1.1 200 OK"
20:19:45 INFO    HTTP Request: GET https://api-live.euroleague.net/v2/competitions/U/seasons/U2024/games/160/stats "HTTP/1.1 200 OK"
20:19:49 INFO    HTTP Request: GET https://live.euroleague.net/api/PlayByPlay?gamecode=160&seasoncode=U2024 "HTTP/1.1 200 OK"
20:19:53 INFO    HTTP Request: GET https://live.euroleague.net/api/Points?gamecode=160&seasoncode=U2024 "HTTP/1.1 200 OK"
20:19:57 INFO    HTTP Request: GET https://api-live.euroleague.net/v2/competitions/U/seasons/U2024/games/161/stats "HTTP/1.1 200 OK"
20:20:02 INFO    HTTP Request: GET https://live.euroleague.net/api/PlayByPlay?gamecode=161&seasoncode=U2024 "HTTP/1.1 200 OK"
20:20:05 INFO    HTTP Request: GET https://live.euroleague.net/api/Points?gamecode=161&seasoncode=U2024 "HTTP/1.1 200 OK"
20:20:09 INFO    HTTP Request: GET https://api-live.euroleague.net/v2/competitions/U/seasons/U2024/games/162/stats "HTTP/1.1 200 OK"
20:20:13 INFO    HTTP Request: GET https://live.euroleague.net/api/PlayByPlay?gamecode=162&seasoncode=U2024 "HTTP/1.1 200 OK"
20:20:17 INFO    HTTP Request: GET https://live.euroleague.net/api/Points?gamecode=162&seasoncode=U2024 "HTTP/1.1 200 OK"
20:20:21 INFO    HTTP Request: GET https://api-live.euroleague.net/v2/competitions/U/seasons/U2024/games/163/stats "HTTP/1.1 200 OK"
20:20:25 INFO    HTTP Request: GET https://live.euroleague.net/api/PlayByPlay?gamecode=163&seasoncode=U2024 "HTTP/1.1 200 OK"
20:20:29 INFO    HTTP Request: GET https://live.euroleague.net/api/Points?gamecode=163&seasoncode=U2024 "HTTP/1.1 200 OK"
20:20:33 INFO    HTTP Request: GET https://api-live.euroleague.net/v2/competitions/U/seasons/U2024/games/164/stats "HTTP/1.1 200 OK"
20:20:37 INFO    HTTP Request: GET https://live.euroleague.net/api/PlayByPlay?gamecode=164&seasoncode=U2024 "HTTP/1.1 200 OK"
20:20:41 INFO    HTTP Request: GET https://live.euroleague.net/api/Points?gamecode=164&seasoncode=U2024 "HTTP/1.1 200 OK"
20:20:45 INFO    HTTP Request: GET https://api-live.euroleague.net/v2/competitions/U/seasons/U2024/games/165/stats "HTTP/1.1 200 OK"
20:20:49 INFO    HTTP Request: GET https://live.euroleague.net/api/PlayByPlay?gamecode=165&seasoncode=U2024 "HTTP/1.1 200 OK"
20:20:53 INFO    HTTP Request: GET https://live.euroleague.net/api/Points?gamecode=165&seasoncode=U2024 "HTTP/1.1 200 OK"
20:20:57 INFO    HTTP Request: GET https://api-live.euroleague.net/v2/competitions/U/seasons/U2024/games/166/stats "HTTP/1.1 200 OK"
20:21:02 INFO    HTTP Request: GET https://live.euroleague.net/api/PlayByPlay?gamecode=166&seasoncode=U2024 "HTTP/1.1 200 OK"
20:21:05 INFO    HTTP Request: GET https://live.euroleague.net/api/Points?gamecode=166&seasoncode=U2024 "HTTP/1.1 200 OK"
20:21:09 INFO    HTTP Request: GET https://api-live.euroleague.net/v2/competitions/U/seasons/U2024/games/167/stats "HTTP/1.1 200 OK"
20:21:14 INFO    HTTP Request: GET https://live.euroleague.net/api/PlayByPlay?gamecode=167&seasoncode=U2024 "HTTP/1.1 200 OK"
20:21:17 INFO    HTTP Request: GET https://live.euroleague.net/api/Points?gamecode=167&seasoncode=U2024 "HTTP/1.1 200 OK"
20:21:21 INFO    HTTP Request: GET https://api-live.euroleague.net/v2/competitions/U/seasons/U2024/games/168/stats "HTTP/1.1 200 OK"
20:21:26 INFO    HTTP Request: GET https://live.euroleague.net/api/PlayByPlay?gamecode=168&seasoncode=U2024 "HTTP/1.1 200 OK"
20:21:29 INFO    HTTP Request: GET https://live.euroleague.net/api/Points?gamecode=168&seasoncode=U2024 "HTTP/1.1 200 OK"
20:21:33 INFO    HTTP Request: GET https://api-live.euroleague.net/v2/competitions/U/seasons/U2024/games/169/stats "HTTP/1.1 200 OK"
20:21:38 INFO    HTTP Request: GET https://live.euroleague.net/api/PlayByPlay?gamecode=169&seasoncode=U2024 "HTTP/1.1 200 OK"
20:29:13 WARNING transport error RemoteProtocolError on https://live.euroleague.net/api/Points?gamecode=169&seasoncode=U2024 (attempt 1)
20:29:18 INFO    HTTP Request: GET https://live.euroleague.net/api/Points?gamecode=169&seasoncode=U2024 "HTTP/1.1 200 OK"
20:42:13 INFO    HTTP Request: GET https://api-live.euroleague.net/v2/competitions/U/seasons/U2024/games/170/stats "HTTP/1.1 200 OK"
20:42:18 INFO    HTTP Request: GET https://live.euroleague.net/api/PlayByPlay?gamecode=170&seasoncode=U2024 "HTTP/1.1 200 OK"
20:46:09 INFO    HTTP Request: GET https://live.euroleague.net/api/Points?gamecode=170&seasoncode=U2024 "HTTP/1.1 200 OK"
20:46:13 INFO    HTTP Request: GET https://api-live.euroleague.net/v2/competitions/U/seasons/U2024/games/171/stats "HTTP/1.1 200 OK"
21:01:54 INFO    HTTP Request: GET https://live.euroleague.net/api/PlayByPlay?gamecode=171&seasoncode=U2024 "HTTP/1.1 200 OK"
21:19:09 WARNING transport error RemoteProtocolError on https://live.euroleague.net/api/Points?gamecode=171&seasoncode=U2024 (attempt 1)
21:36:26 INFO    HTTP Request: GET https://live.euroleague.net/api/Points?gamecode=171&seasoncode=U2024 "HTTP/1.1 200 OK"
21:36:30 INFO    HTTP Request: GET https://api-live.euroleague.net/v2/competitions/U/seasons/U2024/games/172/stats "HTTP/1.1 200 OK"
21:47:11 INFO    HTTP Request: GET https://live.euroleague.net/api/PlayByPlay?gamecode=172&seasoncode=U2024 "HTTP/1.1 200 OK"
23:21:00 WARNING transport error ReadTimeout on https://live.euroleague.net/api/Points?gamecode=172&seasoncode=U2024 (attempt 1)
23:21:04 INFO    HTTP Request: GET https://live.euroleague.net/api/Points?gamecode=172&seasoncode=U2024 "HTTP/1.1 200 OK"
23:36:11 INFO    HTTP Request: GET https://api-live.euroleague.net/v2/competitions/U/seasons/U2024/games/173/stats "HTTP/1.1 200 OK"
23:49:12 INFO    HTTP Request: GET https://live.euroleague.net/api/PlayByPlay?gamecode=173&seasoncode=U2024 "HTTP/1.1 200 OK"
23:49:16 INFO    HTTP Request: GET https://live.euroleague.net/api/Points?gamecode=173&seasoncode=U2024 "HTTP/1.1 200 OK"
00:05:11 INFO    HTTP Request: GET https://api-live.euroleague.net/v2/competitions/U/seasons/U2024/games/174/stats "HTTP/1.1 200 OK"
01:06:04 WARNING transport error ReadTimeout on https://live.euroleague.net/api/PlayByPlay?gamecode=174&seasoncode=U2024 (attempt 1)
01:07:50 INFO    HTTP Request: GET https://live.euroleague.net/api/PlayByPlay?gamecode=174&seasoncode=U2024 "HTTP/1.1 200 OK"
01:07:54 INFO    HTTP Request: GET https://live.euroleague.net/api/Points?gamecode=174&seasoncode=U2024 "HTTP/1.1 200 OK"
01:24:07 INFO    HTTP Request: GET https://api-live.euroleague.net/v2/competitions/U/seasons/U2024/games/175/stats "HTTP/1.1 200 OK"
01:29:59 INFO    HTTP Request: GET https://live.euroleague.net/api/PlayByPlay?gamecode=175&seasoncode=U2024 "HTTP/1.1 200 OK"
01:30:02 INFO    HTTP Request: GET https://live.euroleague.net/api/Points?gamecode=175&seasoncode=U2024 "HTTP/1.1 200 OK"
01:30:03 INFO    U2024 175/196 games | 533 requests, 1 cached, 0 rate-limits, 1960.5s slept
01:45:20 INFO    HTTP Request: GET https://api-live.euroleague.net/v2/competitions/U/seasons/U2024/games/176/stats "HTTP/1.1 200 OK"
02:03:16 INFO    HTTP Request: GET https://live.euroleague.net/api/PlayByPlay?gamecode=176&seasoncode=U2024 "HTTP/1.1 200 OK"
03:32:57 WARNING transport error ReadTimeout on https://live.euroleague.net/api/Points?gamecode=176&seasoncode=U2024 (attempt 1)
03:33:01 INFO    HTTP Request: GET https://live.euroleague.net/api/Points?gamecode=176&seasoncode=U2024 "HTTP/1.1 200 OK"
03:50:00 INFO    HTTP Request: GET https://api-live.euroleague.net/v2/competitions/U/seasons/U2024/games/177/stats "HTTP/1.1 200 OK"
04:03:14 INFO    HTTP Request: GET https://live.euroleague.net/api/PlayByPlay?gamecode=177&seasoncode=U2024 "HTTP/1.1 200 OK"
04:03:18 INFO    HTTP Request: GET https://live.euroleague.net/api/Points?gamecode=177&seasoncode=U2024 "HTTP/1.1 200 OK"
04:18:48 INFO    HTTP Request: GET https://api-live.euroleague.net/v2/competitions/U/seasons/U2024/games/178/stats "HTTP/1.1 200 OK"
04:35:27 INFO    HTTP Request: GET https://live.euroleague.net/api/PlayByPlay?gamecode=178&seasoncode=U2024 "HTTP/1.1 200 OK"
04:52:47 WARNING transport error RemoteProtocolError on https://live.euroleague.net/api/Points?gamecode=178&seasoncode=U2024 (attempt 1)
06:32:45 WARNING transport error ReadTimeout on https://live.euroleague.net/api/Points?gamecode=178&seasoncode=U2024 (attempt 2)
07:06:56 INFO    HTTP Request: GET https://live.euroleague.net/api/Points?gamecode=178&seasoncode=U2024 "HTTP/1.1 200 OK"
07:07:00 INFO    HTTP Request: GET https://api-live.euroleague.net/v2/competitions/U/seasons/U2024/games/179/stats "HTTP/1.1 200 OK"
07:23:50 INFO    HTTP Request: GET https://live.euroleague.net/api/PlayByPlay?gamecode=179&seasoncode=U2024 "HTTP/1.1 200 OK"
07:40:47 WARNING transport error RemoteProtocolError on https://live.euroleague.net/api/Points?gamecode=179&seasoncode=U2024 (attempt 1)
07:58:41 INFO    HTTP Request: GET https://live.euroleague.net/api/Points?gamecode=179&seasoncode=U2024 "HTTP/1.1 200 OK"
07:58:44 INFO    HTTP Request: GET https://api-live.euroleague.net/v2/competitions/U/seasons/U2024/games/180/stats "HTTP/1.1 200 OK"
08:15:41 INFO    HTTP Request: GET https://live.euroleague.net/api/PlayByPlay?gamecode=180&seasoncode=U2024 "HTTP/1.1 200 OK"
08:30:04 WARNING transport error RemoteProtocolError on https://live.euroleague.net/api/Points?gamecode=180&seasoncode=U2024 (attempt 1)
08:30:09 INFO    HTTP Request: GET https://live.euroleague.net/api/Points?gamecode=180&seasoncode=U2024 "HTTP/1.1 200 OK"
08:35:48 INFO    HTTP Request: GET https://api-live.euroleague.net/v2/competitions/U/seasons/U2024/games/181/stats "HTTP/1.1 200 OK"
08:35:52 INFO    HTTP Request: GET https://live.euroleague.net/api/PlayByPlay?gamecode=181&seasoncode=U2024 "HTTP/1.1 200 OK"
08:35:56 INFO    HTTP Request: GET https://live.euroleague.net/api/Points?gamecode=181&seasoncode=U2024 "HTTP/1.1 200 OK"
08:53:01 INFO    HTTP Request: GET https://api-live.euroleague.net/v2/competitions/U/seasons/U2024/games/182/stats "HTTP/1.1 200 OK"
10:15:59 WARNING transport error ReadTimeout on https://live.euroleague.net/api/PlayByPlay?gamecode=182&seasoncode=U2024 (attempt 1)
10:16:04 INFO    HTTP Request: GET https://live.euroleague.net/api/PlayByPlay?gamecode=182&seasoncode=U2024 "HTTP/1.1 200 OK"
10:16:08 INFO    HTTP Request: GET https://live.euroleague.net/api/Points?gamecode=182&seasoncode=U2024 "HTTP/1.1 200 OK"
10:16:11 INFO    HTTP Request: GET https://api-live.euroleague.net/v2/competitions/U/seasons/U2024/games/183/stats "HTTP/1.1 200 OK"
10:16:16 INFO    HTTP Request: GET https://live.euroleague.net/api/PlayByPlay?gamecode=183&seasoncode=U2024 "HTTP/1.1 200 OK"
10:16:20 INFO    HTTP Request: GET https://live.euroleague.net/api/Points?gamecode=183&seasoncode=U2024 "HTTP/1.1 200 OK"
10:16:23 INFO    HTTP Request: GET https://api-live.euroleague.net/v2/competitions/U/seasons/U2024/games/184/stats "HTTP/1.1 200 OK"
10:16:28 INFO    HTTP Request: GET https://live.euroleague.net/api/PlayByPlay?gamecode=184&seasoncode=U2024 "HTTP/1.1 200 OK"
10:16:32 INFO    HTTP Request: GET https://live.euroleague.net/api/Points?gamecode=184&seasoncode=U2024 "HTTP/1.1 200 OK"
10:16:35 INFO    HTTP Request: GET https://api-live.euroleague.net/v2/competitions/U/seasons/U2024/games/185/stats "HTTP/1.1 200 OK"
10:16:40 INFO    HTTP Request: GET https://live.euroleague.net/api/PlayByPlay?gamecode=185&seasoncode=U2024 "HTTP/1.1 200 OK"
10:16:44 INFO    HTTP Request: GET https://live.euroleague.net/api/Points?gamecode=185&seasoncode=U2024 "HTTP/1.1 200 OK"
10:16:47 INFO    HTTP Request: GET https://api-live.euroleague.net/v2/competitions/U/seasons/U2024/games/186/stats "HTTP/1.1 200 OK"
10:16:53 INFO    HTTP Request: GET https://live.euroleague.net/api/PlayByPlay?gamecode=186&seasoncode=U2024 "HTTP/1.1 200 OK"
10:16:56 INFO    HTTP Request: GET https://live.euroleague.net/api/Points?gamecode=186&seasoncode=U2024 "HTTP/1.1 200 OK"
10:16:59 INFO    HTTP Request: GET https://api-live.euroleague.net/v2/competitions/U/seasons/U2024/games/187/stats "HTTP/1.1 200 OK"
10:17:04 INFO    HTTP Request: GET https://live.euroleague.net/api/PlayByPlay?gamecode=187&seasoncode=U2024 "HTTP/1.1 200 OK"
10:17:08 INFO    HTTP Request: GET https://live.euroleague.net/api/Points?gamecode=187&seasoncode=U2024 "HTTP/1.1 200 OK"
10:17:11 INFO    HTTP Request: GET https://api-live.euroleague.net/v2/competitions/U/seasons/U2024/games/188/stats "HTTP/1.1 200 OK"
10:17:16 INFO    HTTP Request: GET https://live.euroleague.net/api/PlayByPlay?gamecode=188&seasoncode=U2024 "HTTP/1.1 200 OK"
10:17:20 INFO    HTTP Request: GET https://live.euroleague.net/api/Points?gamecode=188&seasoncode=U2024 "HTTP/1.1 200 OK"
10:17:24 INFO    HTTP Request: GET https://api-live.euroleague.net/v2/competitions/U/seasons/U2024/games/189/stats "HTTP/1.1 200 OK"
10:17:28 INFO    HTTP Request: GET https://live.euroleague.net/api/PlayByPlay?gamecode=189&seasoncode=U2024 "HTTP/1.1 200 OK"
10:17:32 INFO    HTTP Request: GET https://live.euroleague.net/api/Points?gamecode=189&seasoncode=U2024 "HTTP/1.1 200 OK"
10:17:35 INFO    HTTP Request: GET https://api-live.euroleague.net/v2/competitions/U/seasons/U2024/games/190/stats "HTTP/1.1 200 OK"
10:17:40 INFO    HTTP Request: GET https://live.euroleague.net/api/PlayByPlay?gamecode=190&seasoncode=U2024 "HTTP/1.1 200 OK"
10:17:44 INFO    HTTP Request: GET https://live.euroleague.net/api/Points?gamecode=190&seasoncode=U2024 "HTTP/1.1 200 OK"
10:17:48 INFO    HTTP Request: GET https://api-live.euroleague.net/v2/competitions/U/seasons/U2024/games/191/stats "HTTP/1.1 200 OK"
10:17:52 INFO    HTTP Request: GET https://live.euroleague.net/api/PlayByPlay?gamecode=191&seasoncode=U2024 "HTTP/1.1 200 OK"
10:17:56 INFO    HTTP Request: GET https://live.euroleague.net/api/Points?gamecode=191&seasoncode=U2024 "HTTP/1.1 200 OK"
10:17:59 INFO    HTTP Request: GET https://api-live.euroleague.net/v2/competitions/U/seasons/U2024/games/192/stats "HTTP/1.1 200 OK"
10:18:04 INFO    HTTP Request: GET https://live.euroleague.net/api/PlayByPlay?gamecode=192&seasoncode=U2024 "HTTP/1.1 200 OK"
10:18:08 INFO    HTTP Request: GET https://live.euroleague.net/api/Points?gamecode=192&seasoncode=U2024 "HTTP/1.1 200 OK"
10:18:11 INFO    HTTP Request: GET https://api-live.euroleague.net/v2/competitions/U/seasons/U2024/games/193/stats "HTTP/1.1 200 OK"
10:18:16 INFO    HTTP Request: GET https://live.euroleague.net/api/PlayByPlay?gamecode=193&seasoncode=U2024 "HTTP/1.1 200 OK"
10:18:20 INFO    HTTP Request: GET https://live.euroleague.net/api/Points?gamecode=193&seasoncode=U2024 "HTTP/1.1 200 OK"
10:18:23 INFO    HTTP Request: GET https://api-live.euroleague.net/v2/competitions/U/seasons/U2024/games/194/stats "HTTP/1.1 200 OK"
10:18:28 INFO    HTTP Request: GET https://live.euroleague.net/api/PlayByPlay?gamecode=194&seasoncode=U2024 "HTTP/1.1 200 OK"
10:18:32 INFO    HTTP Request: GET https://live.euroleague.net/api/Points?gamecode=194&seasoncode=U2024 "HTTP/1.1 200 OK"
10:18:35 INFO    HTTP Request: GET https://api-live.euroleague.net/v2/competitions/U/seasons/U2024/games/195/stats "HTTP/1.1 200 OK"
10:18:40 INFO    HTTP Request: GET https://live.euroleague.net/api/PlayByPlay?gamecode=195&seasoncode=U2024 "HTTP/1.1 200 OK"
10:18:44 INFO    HTTP Request: GET https://live.euroleague.net/api/Points?gamecode=195&seasoncode=U2024 "HTTP/1.1 200 OK"
10:18:48 INFO    HTTP Request: GET https://api-live.euroleague.net/v2/competitions/U/seasons/U2024/games/196/stats "HTTP/1.1 200 OK"
10:18:52 INFO    HTTP Request: GET https://live.euroleague.net/api/PlayByPlay?gamecode=196&seasoncode=U2024 "HTTP/1.1 200 OK"
10:18:56 INFO    HTTP Request: GET https://live.euroleague.net/api/Points?gamecode=196&seasoncode=U2024 "HTTP/1.1 200 OK"
10:18:56 INFO    done: {"competition": "U", "season": "U2024", "games_in_schedule": 196, "games_crawled": 196, "games_skipped_unplayed": 0, "elapsed_seconds": 62616.0, "fetch": {"requests": 602, "cache_hits": 1, "rate_limit_hits": 0, "sleep_seconds": 2170.5, "errors": {"RemoteProtocolError": 6, "ReadTimeout": 5}}}
=== U2024 exited 0 ===
queue complete
